{
    "name": "root",
    "metadata": {
        "timer_format_version": "0.1.0",
        "start_time_seconds": "1661861955",
        "python_version": "3.7.9 (tags/v3.7.9:13c94747c7, Aug 17 2020, 16:30:00) [MSC v.1900 64 bit (AMD64)]",
        "command_line_arguments": "C:\\Users\\krzys\\deepCTF\\deepCTFenv\\Scripts\\mlagents-learn --run-id=3",
        "mlagents_version": "0.29.0",
        "mlagents_envs_version": "0.29.0",
        "communication_protocol_version": "1.5.0",
        "pytorch_version": "1.12.1+cpu",
        "numpy_version": "1.21.2",
        "end_time_seconds": "1661862150"
    },
    "total": 194.4400948,
    "count": 1,
    "self": 0.02252150000001052,
    "children": {
        "run_training.setup": {
            "total": 0.4149712000000001,
            "count": 1,
            "self": 0.4149712000000001
        },
        "TrainerController.start_learning": {
            "total": 194.0026021,
            "count": 1,
            "self": 0.03448610000017993,
            "children": {
                "TrainerController._reset_env": {
                    "total": 11.970067700000001,
                    "count": 1,
                    "self": 11.970067700000001
                },
                "TrainerController.advance": {
                    "total": 181.70587149999977,
                    "count": 771,
                    "self": 0.035076900000717615,
                    "children": {
                        "env_step": {
                            "total": 47.360798699999904,
                            "count": 771,
                            "self": 45.10788039999968,
                            "children": {
                                "SubprocessEnvManager._take_step": {
                                    "total": 2.232066300000339,
                                    "count": 771,
                                    "self": 0.08605150000050266,
                                    "children": {
                                        "TorchPolicy.evaluate": {
                                            "total": 2.1460147999998362,
                                            "count": 764,
                                            "self": 0.4401524999998081,
                                            "children": {
                                                "TorchPolicy.sample_actions": {
                                                    "total": 1.7058623000000281,
                                                    "count": 764,
                                                    "self": 1.7058623000000281
                                                }
                                            }
                                        }
                                    }
                                },
                                "workers": {
                                    "total": 0.020851999999887738,
                                    "count": 770,
                                    "self": 0.0,
                                    "children": {
                                        "worker_root": {
                                            "total": 173.1499030000001,
                                            "count": 770,
                                            "is_parallel": true,
                                            "self": 138.19221520000028,
                                            "children": {
                                                "steps_from_proto": {
                                                    "total": 0.001158100000001383,
                                                    "count": 1,
                                                    "is_parallel": true,
                                                    "self": 0.0005611000000023125,
                                                    "children": {
                                                        "_process_rank_one_or_two_observation": {
                                                            "total": 0.0005969999999990705,
                                                            "count": 2,
                                                            "is_parallel": true,
                                                            "self": 0.0005969999999990705
                                                        }
                                                    }
                                                },
                                                "UnityEnvironment.step": {
                                                    "total": 34.95652969999983,
                                                    "count": 770,
                                                    "is_parallel": true,
                                                    "self": 0.16346119999975173,
                                                    "children": {
                                                        "UnityEnvironment._generate_step_input": {
                                                            "total": 0.15750979999955383,
                                                            "count": 770,
                                                            "is_parallel": true,
                                                            "self": 0.15750979999955383
                                                        },
                                                        "communicator.exchange": {
                                                            "total": 34.11346700000043,
                                                            "count": 770,
                                                            "is_parallel": true,
                                                            "self": 34.11346700000043
                                                        },
                                                        "steps_from_proto": {
                                                            "total": 0.5220917000000895,
                                                            "count": 770,
                                                            "is_parallel": true,
                                                            "self": 0.32426510000077613,
                                                            "children": {
                                                                "_process_rank_one_or_two_observation": {
                                                                    "total": 0.1978265999993134,
                                                                    "count": 1540,
                                                                    "is_parallel": true,
                                                                    "self": 0.1978265999993134
                                                                }
                                                            }
                                                        }
                                                    }
                                                }
                                            }
                                        }
                                    }
                                }
                            }
                        },
                        "trainer_advance": {
                            "total": 134.30999589999917,
                            "count": 770,
                            "self": 0.03945569999956433,
                            "children": {
                                "process_trajectory": {
                                    "total": 134.2705401999996,
                                    "count": 770,
                                    "self": 134.2705401999996
                                }
                            }
                        }
                    }
                },