{"count":1,"self":13577.5772672,"total":62515.4179879,"children":{"InitializeActuators":{"count":11248,"self":0.23688489999999998,"total":0.23688489999999998,"children":null},"InitializeSensors":{"count":11248,"self":0.1694087,"total":0.1694087,"children":null},"AgentSendState":{"count":1386284,"self":29.8405952,"total":845.2057605,"children":{"CollectObservations":{"count":2192768,"self":716.84787199999994,"total":716.8478513,"children":null},"WriteActionMask":{"count":2192768,"self":4.9291855999999994,"total":4.9291857,"children":null},"RequestDecision":{"count":2192768,"self":24.5310432,"total":93.5881294,"children":{"AgentInfo.ToProto":{"count":1096384,"self":9.9259176,"total":69.0570855,"children":{"GenerateSensorData":{"count":1096384,"self":59.131167999999995,"total":59.1311678,"children":null}}}}}}},"DecideAction":{"count":1386284,"self":47971.4705408,"total":47971.4721496,"children":null},"AgentAct":{"count":1386284,"self":120.39581439999999,"total":120.39581079999999,"children":null},"AgentInfo.ToProto":{"count":5620,"self":0.0769774,"total":0.35840859999999997,"children":{"GenerateSensorData":{"count":5620,"self":0.2814312,"total":0.2814312,"children":null}}}},"gauges":{},"metadata":{"timer_format_version":"0.1.0","start_time_seconds":"1664927521","unity_version":"2021.3.1f1","command_line_arguments":"C:\\Users\\Kacper\\Documents\\GitHub\\deepctf\\KacperBuild-04-10\\CTF.exe -nographics -batchmode --mlagents-port 5006 -logFile C:\\Users\\Kacper\\Documents\\GitHub\\deepctf\\results\\TheBigOne-04-10\\run_logs\\Player-1.log","communication_protocol_version":"1.5.0","com.unity.ml-agents_version":"2.2.1-exp.1","scene_name":"SceneMain","end_time_seconds":"1664990035"}}