{
    "name": "root",
    "gauges": {
        "DeepCTFv1.Policy.Entropy.mean": {
            "value": 1.175835371017456,
            "min": 1.1393861770629883,
            "max": 2.1611742973327637,
            "count": 92
        },
        "DeepCTFv1.Policy.Entropy.sum": {
            "value": 58928.1640625,
            "min": 56900.9453125,
            "max": 109018.2734375,
            "count": 92
        },
        "DeepCTFv1.Step.mean": {
            "value": 4599964.0,
            "min": 49980.0,
            "max": 4599964.0,
            "count": 92
        },
        "DeepCTFv1.Step.sum": {
            "value": 4599964.0,
            "min": 49980.0,
            "max": 4599964.0,
            "count": 92
        },
        "DeepCTFv1.Policy.ExtrinsicBaselineEstimate.mean": {
            "value": 278.929443359375,
            "min": 7.9045915603637695,
            "max": 278.929443359375,
            "count": 92
        },
        "DeepCTFv1.Policy.ExtrinsicBaselineEstimate.sum": {
            "value": 244342.203125,
            "min": 6876.99462890625,
            "max": 244342.203125,
            "count": 92
        },
        "DeepCTFv1.Policy.ExtrinsicValueEstimate.mean": {
            "value": 281.0976867675781,
            "min": 12.478384971618652,
            "max": 282.43414306640625,
            "count": 92
        },
        "DeepCTFv1.Policy.ExtrinsicValueEstimate.sum": {
            "value": 246241.5625,
            "min": 10856.1953125,
            "max": 248259.609375,
            "count": 92
        },
        "DeepCTFv1.Environment.EpisodeLength.mean": {
            "value": 312.87179487179486,
            "min": 285.04545454545456,
            "max": 399.5,
            "count": 92
        },
        "DeepCTFv1.Environment.EpisodeLength.sum": {
            "value": 48808.0,
            "min": 46920.0,
            "max": 54312.0,
            "count": 92
        },
        "DeepCTFv1.Environment.CumulativeReward.mean": {
            "value": 56.70543139026715,
            "min": 42.34522543615083,
            "max": 58.95440576300025,
            "count": 92
        },
        "DeepCTFv1.Environment.CumulativeReward.sum": {
            "value": 8846.047296881676,
            "min": 5266.380710847676,
            "max": 9441.462638992816,
            "count": 92
        },
        "DeepCTFv1.Policy.ExtrinsicReward.mean": {
            "value": 790.9242952542427,
            "min": 177.24216671846807,
            "max": 796.3290968862055,
            "count": 92
        },
        "DeepCTFv1.Policy.ExtrinsicReward.sum": {
            "value": 123384.19005966187,
            "min": 22686.997339963913,
            "max": 137764.93376131356,
            "count": 92
        },
        "DeepCTFv1.Environment.GroupCumulativeReward.mean": {
            "value": 564.1025641025641,
            "min": 0.0,
            "max": 578.0346820809249,
            "count": 92
        },
        "DeepCTFv1.Environment.GroupCumulativeReward.sum": {
            "value": 88000.0,
            "min": 0.0,
            "max": 100000.0,
            "count": 92
        },
        "DeepCTFv1.Losses.PolicyLoss.mean": {
            "value": 0.035105717399274,
            "min": 0.03133017091102374,
            "max": 0.040433840289285095,
            "count": 92
        },
        "DeepCTFv1.Losses.PolicyLoss.sum": {
            "value": 0.17552858699637,
            "min": 0.13151502950992533,
            "max": 0.20216920144642547,
            "count": 92
        },
        "DeepCTFv1.Losses.ValueLoss.mean": {
            "value": 5640.288649902343,
            "min": 60.615594482421876,
            "max": 7354.619549153646,
            "count": 92
        },
        "DeepCTFv1.Losses.ValueLoss.sum": {
            "value": 28201.443249511718,
            "min": 242.4623779296875,
            "max": 36773.09774576823,
            "count": 92
        },
        "DeepCTFv1.Losses.BaselineLoss.mean": {
            "value": 8034.355951334635,
            "min": 71.58967866261801,
            "max": 9737.330180867513,
            "count": 92
        },
        "DeepCTFv1.Losses.BaselineLoss.sum": {
            "value": 40171.779756673175,
            "min": 316.55626525878904,
            "max": 47957.05096028646,
            "count": 92
        },
        "DeepCTFv1.Policy.LearningRate.mean": {
            "value": 0.0002999999986277702,
            "min": 0.0002999999986277702,
            "max": 0.0002999999999922582,
            "count": 92
        },
        "DeepCTFv1.Policy.LearningRate.sum": {
            "value": 0.0014999999931388512,
            "min": 0.0011999999946295252,
            "max": 0.0014999999998913747,
            "count": 92
        },
        "DeepCTFv1.Policy.Epsilon.mean": {
            "value": 0.1999999995425899,
            "min": 0.1999999995425899,
            "max": 0.1999999999974194,
            "count": 92
        },
        "DeepCTFv1.Policy.Epsilon.sum": {
            "value": 0.9999999977129496,
            "min": 0.7999999982098412,
            "max": 0.9999999999637915,
            "count": 92
        },
        "DeepCTFv1.Policy.Beta.mean": {
            "value": 0.004999999977175236,
            "min": 0.004999999977175236,
            "max": 0.00499999999987123,
            "count": 92
        },
        "DeepCTFv1.Policy.Beta.sum": {
            "value": 0.024999999885876183,
            "min": 0.01999999991067107,
            "max": 0.0249999999981932,
            "count": 92
        },
        "DeepCTFv1.IsTraining.mean": {
            "value": 1.0,
            "min": 1.0,
            "max": 1.0,
            "count": 92
        },
        "DeepCTFv1.IsTraining.sum": {
            "value": 1.0,
            "min": 1.0,
            "max": 1.0,
            "count": 92
        }
    },
    "metadata": {
        "timer_format_version": "0.1.0",
        "start_time_seconds": "1663198514",
        "python_version": "3.7.9 (tags/v3.7.9:13c94747c7, Aug 17 2020, 16:30:00) [MSC v.1900 64 bit (AMD64)]",
        "command_line_arguments": "C:\\Users\\krzys\\deepCTF\\deepCTFenv\\Scripts\\mlagents-learn results\\mapoca\\configuration.yaml --env=BuildV2/CTF --run-id=nocneuczenie14_09 --num-envs=5 --no-graphics",
        "mlagents_version": "0.29.0",
        "mlagents_envs_version": "0.29.0",
        "communication_protocol_version": "1.5.0",
        "pytorch_version": "1.12.1+cpu",
        "numpy_version": "1.21.2",
        "end_time_seconds": "1663230367"
    },
    "total": 31853.0629504,
    "count": 1,
    "self": 1.2114902999965125,
    "children": {
        "run_training.setup": {
            "total": 1.0077888000000002,
            "count": 1,
            "self": 1.0077888000000002
        },
        "TrainerController.start_learning": {
            "total": 31850.8436713,
            "count": 1,
            "self": 62.599301199828915,
            "children": {
                "TrainerController._reset_env": {
                    "total": 11.558017699999999,
                    "count": 1,
                    "self": 11.558017699999999
                },
                "TrainerController.advance": {
                    "total": 31776.07470260017,
                    "count": 1019875,
                    "self": 67.0688057000225,
                    "children": {
                        "env_step": {
                            "total": 18814.98582660056,
                            "count": 1019875,
                            "self": 13708.648094901488,
                            "children": {
                                "SubprocessEnvManager._take_step": {
                                    "total": 5063.142465999449,
                                    "count": 1159388,
                                    "self": 198.68335389866024,
                                    "children": {
                                        "TorchPolicy.evaluate": {
                                            "total": 4864.459112100789,