{
    "name": "root",
    "gauges": {
        "DeepCTFv2.Policy.Entropy.mean": {
            "value": 1.605393409729004,
            "min": 1.5800609588623047,
            "max": 1.777889370918274,
            "count": 275
        },
        "DeepCTFv2.Policy.Entropy.sum": {
            "value": 15919.0810546875,
            "min": 15163.21484375,
            "max": 17920.2109375,
            "count": 275
        },
        "DeepCTFv2.Step.mean": {
            "value": 4669960.0,
            "min": 1929996.0,
            "max": 4669960.0,
            "count": 275
        },
        "DeepCTFv2.Step.sum": {
            "value": 4669960.0,
            "min": 1929996.0,
            "max": 4669960.0,
            "count": 275
        },
        "DeepCTFv2.Policy.ExtrinsicBaselineEstimate.mean": {
            "value": 0.3516068458557129,
            "min": 0.027259550988674164,
            "max": 0.6627610921859741,
            "count": 275
        },
        "DeepCTFv2.Policy.ExtrinsicBaselineEstimate.sum": {
            "value": 56.25709533691406,
            "min": 4.334268569946289,
            "max": 107.36729431152344,
            "count": 275
        },
        "DeepCTFv2.Policy.ExtrinsicValueEstimate.mean": {
            "value": 0.2956220209598541,
            "min": 0.04127462953329086,
            "max": 0.8019907474517822,
            "count": 275
        },
        "DeepCTFv2.Policy.ExtrinsicValueEstimate.sum": {
            "value": 47.299522399902344,
            "min": 6.562665939331055,
            "max": 129.12051391601562,
            "count": 275
        },
        "DeepCTFv2.Environment.EpisodeLength.mean": {
            "value": 249.36363636363637,
            "min": 211.27272727272728,
            "max": 250.0,
            "count": 275
        },
        "DeepCTFv2.Environment.EpisodeLength.sum": {
            "value": 10972.0,
            "min": 5000.0,
            "max": 11324.0,
            "count": 275
        },
        "DeepCTFv2.Environment.CumulativeReward.mean": {
            "value": 0.1420261928790503,
            "min": 0.06271932343952358,
            "max": 0.23962753985688323,
            "count": 275
        },
        "DeepCTFv2.Environment.CumulativeReward.sum": {
            "value": 6.249152486678213,
            "min": 1.4490685201017186,
            "max": 11.008071593358181,
            "count": 275
        },
        "DeepCTFv2.Policy.ExtrinsicReward.mean": {
            "value": 0.5953775101171975,
            "min": 0.2658773063099943,
            "max": 1.3725762518122793,
            "count": 275
        },
        "DeepCTFv2.Policy.ExtrinsicReward.sum": {
            "value": 26.196610445156693,
            "min": 6.036274184472859,
            "max": 62.1922880676575,
            "count": 275
        },
        "DeepCTFv2.Environment.GroupCumulativeReward.mean": {
            "value": 0.027272726663134315,
            "min": 0.009729729512253323,
            "max": 0.44799998216331005,
            "count": 275
        },
        "DeepCTFv2.Environment.GroupCumulativeReward.sum": {
            "value": 1.1999999731779099,
            "min": 0.23999999463558197,
            "max": 18.159999281167984,
            "count": 275
        },
        "DeepCTFv2.IsTraining.mean": {
            "value": 1.0,
            "min": 1.0,
            "max": 1.0,
            "count": 275
        },
        "DeepCTFv2.IsTraining.sum": {
            "value": 1.0,
            "min": 1.0,
            "max": 1.0,
            "count": 275
        },
        "DeepCTFv2.Losses.PolicyLoss.mean": {
            "value": 0.25914054770903017,
            "min": 0.23413197856205395,
            "max": 0.28893282706891327,
            "count": 267
        },
        "DeepCTFv2.Losses.PolicyLoss.sum": {
            "value": 0.25914054770903017,
            "min": 0.23413197856205395,
            "max": 0.28893282706891327,
            "count": 267
        },
        "DeepCTFv2.Losses.ValueLoss.mean": {
            "value": 0.00888456330887908,
            "min": 0.004262197034050719,
            "max": 0.04531073145862523,
            "count": 267
        },
        "DeepCTFv2.Losses.ValueLoss.sum": {
            "value": 0.00888456330887908,
            "min": 0.004262197034050719,
            "max": 0.04531073145862523,
            "count": 267
        },
        "DeepCTFv2.Losses.BaselineLoss.mean": {
            "value": 0.011913241300625214,
            "min": 0.004428051030421889,
            "max": 0.13542998306476295,
            "count": 267
        },
        "DeepCTFv2.Losses.BaselineLoss.sum": {
            "value": 0.011913241300625214,
            "min": 0.004428051030421889,
            "max": 0.13542998306476295,
            "count": 267
        },
        "DeepCTFv2.Policy.LearningRate.mean": {
            "value": 0.00029844437118520977,
            "min": 0.00029844437118520977,
            "max": 0.00029935615354794885,
            "count": 267
        },
        "DeepCTFv2.Policy.LearningRate.sum": {
            "value": 0.00029844437118520977,
            "min": 0.00029844437118520977,
            "max": 0.00029935615354794885,
            "count": 267
        },
        "DeepCTFv2.Policy.Epsilon.mean": {
            "value": 0.19948145688888894,
            "min": 0.19948145688888894,
            "max": 0.1997853844444445,
            "count": 267
        },
        "DeepCTFv2.Policy.Epsilon.sum": {
            "value": 0.19948145688888894,
            "min": 0.19948145688888894,
            "max": 0.1997853844444445,
            "count": 267
        },
        "DeepCTFv2.Policy.Beta.mean": {
            "value": 0.007958568405422223,
            "min": 0.007958568405422223,
            "max": 0.007982852217111109,
            "count": 267
        },
        "DeepCTFv2.Policy.Beta.sum": {
            "value": 0.007958568405422223,
            "min": 0.007958568405422223,
            "max": 0.007982852217111109,
            "count": 267
        }
    },
    "metadata": {
        "timer_format_version": "0.1.0",
        "start_time_seconds": "1665552428",
        "python_version": "3.7.9 (tags/v3.7.9:13c94747c7, Aug 17 2020, 18:58:18) [MSC v.1900 64 bit (AMD64)]",
        "command_line_arguments": "C:\\Users\\Kacper\\Documents\\GitHub\\deepctf\\deepCTFenv\\Scripts\\mlagents-learn results\\mapoca\\newconfiguration.yaml --run-id=Kacper-11-10 --env=SuperBuild1.0\\CTF --num-envs=5 --no-graphics --resume",
        "mlagents_version": "0.29.0",
        "mlagents_envs_version": "0.29.0",
        "communication_protocol_version": "1.5.0",
        "pytorch_version": "1.12.1+cpu",
        "numpy_version": "1.21.2",
        "end_time_seconds": "1665593698"
    },
    "total": 41270.0432732,
    "count": 1,
    "self": 0.6010662999979104,
    "children": {
        "run_training.setup": {
            "total": 0.7137831000000001,
            "count": 1,
            "self": 0.7137831000000001
        },
        "TrainerController.start_learning": {
            "total": 41268.7284238,
            "count": 1,
            "self": 51.303798401073436,
            "children": {
                "TrainerController._reset_env": {
                    "total": 4.8636478,
                    "count": 1,
                    "self": 4.8636478
                },
                "TrainerController.advance": {
                    "total": 41211.94542969893,
                    "count": 562056,
                    "self": 58.34078310288169,
                    "children": {
                        "env_step": {
                            "total": 17860.8305081989,
                            "count": 562056,
                            "self": 6411.495869898265,
                            "children": {
                                "SubprocessEnvManager._take_step": {
                                    "total": 11407.95709789995,
                                    "count": 691997,
                                    "self": 199.9903866005261,