{"gameWon":1.0,"flagCaptured":0.20000000298023225,"flagRetrievedFromAgent":0.20000000298023225,"gameLost":1.0,"agentDead":0.8999999761581421}