{
    "name": "root",
    "gauges": {
        "DeepCTFv2.Policy.Entropy.mean": {
            "value": 1.904518723487854,
            "min": 1.904518723487854,
            "max": 1.904518723487854,
            "count": 1
        },
        "DeepCTFv2.Policy.Entropy.sum": {
            "value": 15228.53125,
            "min": 15228.53125,
            "max": 15228.53125,
            "count": 1
        },
        "DeepCTFv2.Environment.EpisodeLength.mean": {
            "value": 175.5,
            "min": 175.5,
            "max": 175.5,
            "count": 1
        },
        "DeepCTFv2.Environment.EpisodeLength.sum": {
            "value": 5616.0,
            "min": 5616.0,
            "max": 5616.0,
            "count": 1
        },
        "DeepCTFv2.Step.mean": {
            "value": 7439976.0,
            "min": 7439976.0,
            "max": 7439976.0,
            "count": 1
        },
        "DeepCTFv2.Step.sum": {
            "value": 7439976.0,
            "min": 7439976.0,
            "max": 7439976.0,
            "count": 1
        },
        "DeepCTFv2.Policy.ExtrinsicBaselineEstimate.mean": {
            "value": -299.07708740234375,
            "min": -299.07708740234375,
            "max": -299.07708740234375,
            "count": 1
        },
        "DeepCTFv2.Policy.ExtrinsicBaselineEstimate.sum": {
            "value": -42768.0234375,
            "min": -42768.0234375,
            "max": -42768.0234375,
            "count": 1
        },
        "DeepCTFv2.Policy.ExtrinsicValueEstimate.mean": {
            "value": -282.8959045410156,
            "min": -282.8959045410156,
            "max": -282.8959045410156,
            "count": 1
        },
        "DeepCTFv2.Policy.ExtrinsicValueEstimate.sum": {
            "value": -40454.11328125,
            "min": -40454.11328125,
            "max": -40454.11328125,
            "count": 1
        },
        "DeepCTFv2.Environment.CumulativeReward.mean": {
            "value": -877.9375,
            "min": -877.9375,
            "max": -877.9375,
            "count": 1
        },
        "DeepCTFv2.Environment.CumulativeReward.sum": {
            "value": -28094.0,
            "min": -28094.0,
            "max": -28094.0,
            "count": 1
        },
        "DeepCTFv2.Policy.ExtrinsicReward.mean": {
            "value": -4202.250001907349,
            "min": -4202.250001907349,
            "max": -4202.250001907349,
            "count": 1
        },
        "DeepCTFv2.Policy.ExtrinsicReward.sum": {
            "value": -134472.00006103516,
            "min": -134472.00006103516,
            "max": -134472.00006103516,
            "count": 1
        },
        "DeepCTFv2.Environment.GroupCumulativeReward.mean": {
            "value": 9.875,
            "min": 9.875,
            "max": 9.875,
            "count": 1
        },
        "DeepCTFv2.Environment.GroupCumulativeReward.sum": {
            "value": 316.0,
            "min": 316.0,
            "max": 316.0,
            "count": 1
        },
        "DeepCTFv2.Losses.PolicyLoss.mean": {
            "value": 0.9181826891643661,
            "min": 0.9181826891643661,
            "max": 0.9181826891643661,
            "count": 1
        },
        "DeepCTFv2.Losses.PolicyLoss.sum": {
            "value": 0.9181826891643661,
            "min": 0.9181826891643661,
            "max": 0.9181826891643661,
            "count": 1
        },
        "DeepCTFv2.Losses.ValueLoss.mean": {
            "value": 88208.54157366071,
            "min": 88208.54157366071,
            "max": 88208.54157366071,
            "count": 1
        },
        "DeepCTFv2.Losses.ValueLoss.sum": {
            "value": 88208.54157366071,
            "min": 88208.54157366071,
            "max": 88208.54157366071,
            "count": 1
        },
        "DeepCTFv2.Losses.BaselineLoss.mean": {
            "value": 86278.87937127976,
            "min": 86278.87937127976,
            "max": 86278.87937127976,
            "count": 1
        },
        "DeepCTFv2.Losses.BaselineLoss.sum": {
            "value": 86278.87937127976,
            "min": 86278.87937127976,
            "max": 86278.87937127976,
            "count": 1
        },
        "DeepCTFv2.Policy.LearningRate.mean": {
            "value": 0.0002975211181596274,
            "min": 0.0002975211181596274,
            "max": 0.0002975211181596274,
            "count": 1
        },
        "DeepCTFv2.Policy.LearningRate.sum": {
            "value": 0.0002975211181596274,
            "min": 0.0002975211181596274,
            "max": 0.0002975211181596274,
            "count": 1
        },
        "DeepCTFv2.Policy.Epsilon.mean": {
            "value": 0.19917370577777782,
            "min": 0.19917370577777782,
            "max": 0.19917370577777782,
            "count": 1
        },
        "DeepCTFv2.Policy.Epsilon.sum": {
            "value": 0.19917370577777782,
            "min": 0.19917370577777782,
            "max": 0.19917370577777782,
            "count": 1
        },
        "DeepCTFv2.Policy.Beta.mean": {
            "value": 0.007933979091644443,
            "min": 0.007933979091644443,
            "max": 0.007933979091644443,
            "count": 1
        },
        "DeepCTFv2.Policy.Beta.sum": {
            "value": 0.007933979091644443,
            "min": 0.007933979091644443,
            "max": 0.007933979091644443,
            "count": 1
        },
        "DeepCTFv2.IsTraining.mean": {
            "value": 1.0,
            "min": 1.0,
            "max": 1.0,
            "count": 1
        },
        "DeepCTFv2.IsTraining.sum": {
            "value": 1.0,
            "min": 1.0,
            "max": 1.0,
            "count": 1
        }
    },
    "metadata": {
        "timer_format_version": "0.1.0",
        "start_time_seconds": "1665048074",
        "python_version": "3.7.9 (tags/v3.7.9:13c94747c7, Aug 17 2020, 18:58:18) [MSC v.1900 64 bit (AMD64)]",
        "command_line_arguments": "C:\\Users\\Kacper\\Documents\\GitHub\\deepctf\\deepCTFenv\\Scripts\\mlagents-learn results\\mapoca\\configuration.yaml --run-id=TheBigOne-04-10 --env=KacperBuild-05-10\\CTF --num-envs=5 --no-graphics --resume",
        "mlagents_version": "0.29.0",
        "mlagents_envs_version": "0.29.0",
        "communication_protocol_version": "1.5.0",
        "pytorch_version": "1.12.1+cpu",
        "numpy_version": "1.21.2",
        "end_time_seconds": "1665048216"
    },
    "total": 141.8643264,
    "count": 1,
    "self": 0.049740000000014106,
    "children": {
        "run_training.setup": {
            "total": 0.8435077000000002,
            "count": 1,
            "self": 0.8435077000000002
        },
        "TrainerController.start_learning": {
            "total": 140.9710787,
            "count": 1,
            "self": 0.19498500000011632,
            "children": {
                "TrainerController._reset_env": {
                    "total": 5.895512400000001,
                    "count": 1,
                    "self": 5.895512400000001
                },
                "TrainerController.advance": {
                    "total": 134.01700239999985,
                    "count": 1762,
                    "self": 0.19909119999985592,
                    "children": {
                        "env_step": {
                            "total": 68.5736015999998,
                            "count": 1762,
                            "self": 20.55034380000008,
                            "children": {
                                "SubprocessEnvManager._take_step": {
                                    "total": 47.88735910000007,
                                    "count": 2240,
                                    "self": 0.6954528999998644,
                                    "children": {
                                        "TorchPolicy.evaluate": {
                                            "total": 47.191906200000204,
                                            "count": 2229,