{"count":1,"self":13.619281599999999,"total":14.6311076,"children":{"InitializeActuators":{"count":20,"self":0.0019533,"total":0.0019533,"children":null},"InitializeSensors":{"count":20,"self":0.0010022,"total":0.0010022,"children":null},"AgentSendState":{"count":150,"self":0.0080305,"total":0.27548449999999997,"children":{"WriteActionMask":{"count":600,"self":0.0009989,"total":0.0009989,"children":null},"RequestDecision":{"count":600,"self":0.15501289999999998,"total":0.15501289999999998,"children":null},"CollectObservations":{"count":120,"self":0.11144219999999999,"total":0.11144219999999999,"children":null}}},"DecideAction":{"count":150,"self":0.70943119999999993,"total":0.70943119999999993,"children":null},"AgentAct":{"count":150,"self":0.022913899999999997,"total":0.022913899999999997,"children":null}},"gauges":{},"metadata":{"timer_format_version":"0.1.0","start_time_seconds":"1667505593","unity_version":"2021.3.1f1","command_line_arguments":"C:\\Program Files\\Unity\\Hub\\Editor\\2021.3.1f1\\Editor\\Unity.exe -projectpath D:\/Github(whaaat)\/deepctf\/unity\/CTF -useHub -hubIPC -cloudEnvironment production -hubSessionId 0573ff60-5b9b-11ed-86c8-bf1205494097","communication_protocol_version":"1.5.0","com.unity.ml-agents_version":"2.2.1-exp.1","scene_name":"SceneUIMapGeneration","end_time_seconds":"1667505607"}}