{"count":1,"self":180.108928,"total":189.45220849999998,"children":{"InitializeActuators":{"count":48,"self":0.0040495999999999996,"total":0.0040495999999999996,"children":null},"InitializeSensors":{"count":48,"self":0.0020028999999999997,"total":0.0020028999999999997,"children":null},"AgentSendState":{"count":9062,"self":0.2741827,"total":3.4597615999999998,"children":{"CollectObservations":{"count":12591,"self":2.9652108,"total":2.9652108999999998,"children":null},"WriteActionMask":{"count":12591,"self":0.0420373,"total":0.0420373,"children":null},"RequestDecision":{"count":12591,"self":0.17833069999999998,"total":0.17833069999999998,"children":null}}},"DecideAction":{"count":9062,"self":4.9302655999999994,"total":4.9302655,"children":null},"AgentAct":{"count":9062,"self":0.9452025,"total":0.9452025,"children":null}},"gauges":{},"metadata":{"timer_format_version":"0.1.0","start_time_seconds":"1663431023","unity_version":"2021.3.1f1","command_line_arguments":"C:\\Program Files\\Unity\\Hub\\Editor\\2021.3.1f1\\Editor\\Unity.exe -projectpath D:\/Github(whaaat)\/deepctf\/unity\/CTF -useHub -hubIPC -cloudEnvironment production -hubSessionId d9ef4c50-369c-11ed-a2a3-6f628f1a17ee","communication_protocol_version":"1.5.0","com.unity.ml-agents_version":"2.2.1-exp.1","scene_name":"SceneMain","end_time_seconds":"1663431213"}}