{"count":1,"self":66.679948799999991,"total":67.7896849,"children":{"AgentSendState":{"count":2073,"self":0.0539963,"total":1.0131389,"children":{"CollectObservations":{"count":3128,"self":0.5505796,"total":0.5505796,"children":null},"WriteActionMask":{"count":3128,"self":0.0019922,"total":0.0019922,"children":null},"RequestDecision":{"count":3128,"self":0.40657079999999995,"total":0.40657079999999995,"children":null}}},"DecideAction":{"count":2073,"self":0.052561699999999996,"total":0.052561699999999996,"children":null},"AgentAct":{"count":2073,"self":0.039032199999999996,"total":0.039032199999999996,"children":null},"InitializeActuators":{"count":8,"self":0.0030012999999999997,"total":0.0030012999999999997,"children":null},"InitializeSensors":{"count":8,"self":0.0019998999999999998,"total":0.0019998999999999998,"children":null}},"gauges":{},"metadata":{"timer_format_version":"0.1.0","start_time_seconds":"1666717093","unity_version":"2021.3.1f1","command_line_arguments":"C:\\Program Files\\Unity\\Hub\\Editor\\2021.3.1f1\\Editor\\Unity.exe -projectpath D:\/Github(whaaat)\/deepctf\/unity\/CTF -useHub -hubIPC -cloudEnvironment production -hubSessionId 43b2d160-5476-11ed-93b1-adfdcdce0e07","communication_protocol_version":"1.5.0","com.unity.ml-agents_version":"2.2.1-exp.1","scene_name":"SceneUIStart","end_time_seconds":"1666717161"}}