{"count":1,"self":16.2130528,"total":16.8870099,"children":{"InitializeActuators":{"count":8,"self":0.0020001999999999997,"total":0.0020001999999999997,"children":null},"InitializeSensors":{"count":8,"self":0.0009994,"total":0.0009994,"children":null},"AgentSendState":{"count":573,"self":0.018002,"total":0.21736709999999998,"children":{"CollectObservations":{"count":920,"self":0.1472957,"total":0.1472957,"children":null},"WriteActionMask":{"count":920,"self":0.0020215999999999997,"total":0.0020215999999999997,"children":null},"RequestDecision":{"count":920,"self":0.050047799999999996,"total":0.050047799999999996,"children":null}}},"DecideAction":{"count":573,"self":0.3924194,"total":0.3924194,"children":null},"AgentAct":{"count":573,"self":0.060167899999999996,"total":0.060167899999999996,"children":null}},"gauges":{},"metadata":{"timer_format_version":"0.1.0","start_time_seconds":"1663433588","unity_version":"2021.3.1f1","command_line_arguments":"C:\\Program Files\\Unity\\Hub\\Editor\\2021.3.1f1\\Editor\\Unity.exe -projectpath D:\/Github(whaaat)\/deepctf\/unity\/CTF -useHub -hubIPC -cloudEnvironment production -hubSessionId d9ef4c50-369c-11ed-a2a3-6f628f1a17ee","communication_protocol_version":"1.5.0","com.unity.ml-agents_version":"2.2.1-exp.1","scene_name":"SceneMain","end_time_seconds":"1663433605"}}