{
    "name": "root",
    "gauges": {
        "DeepCTFv1.Policy.Entropy.mean": {
            "value": 0.3550715446472168,
            "min": 0.30661100149154663,
            "max": 1.0003308057785034,
            "count": 132
        },
        "DeepCTFv1.Policy.Entropy.sum": {
            "value": 3554.976318359375,
            "min": 3129.8955078125,
            "max": 9617.7353515625,
            "count": 132
        },
        "DeepCTFv1.Step.mean": {
            "value": 4499952.0,
            "min": 3189944.0,
            "max": 4499952.0,
            "count": 132
        },
        "DeepCTFv1.Step.sum": {
            "value": 4499952.0,
            "min": 3189944.0,
            "max": 4499952.0,
            "count": 132
        },
        "DeepCTFv1.Policy.ExtrinsicBaselineEstimate.mean": {
            "value": 113.26531219482422,
            "min": 90.79741668701172,
            "max": 113.26531219482422,
            "count": 132
        },
        "DeepCTFv1.Policy.ExtrinsicBaselineEstimate.sum": {
            "value": 20387.755859375,
            "min": 10138.677734375,
            "max": 21632.837890625,
            "count": 132
        },
        "DeepCTFv1.Policy.ExtrinsicValueEstimate.mean": {
            "value": 107.64433288574219,
            "min": 89.06322479248047,
            "max": 111.53287506103516,
            "count": 132
        },
        "DeepCTFv1.Policy.ExtrinsicValueEstimate.sum": {
            "value": 19375.98046875,
            "min": 10057.2548828125,
            "max": 20548.181640625,
            "count": 132
        },
        "DeepCTFv1.Environment.EpisodeLength.mean": {
            "value": 208.8181818181818,
            "min": 143.0,
            "max": 399.4,
            "count": 132
        },
        "DeepCTFv1.Environment.EpisodeLength.sum": {
            "value": 9188.0,
            "min": 2288.0,
            "max": 13516.0,
            "count": 132
        },
        "DeepCTFv1.Environment.CumulativeReward.mean": {
            "value": 41.176999960772015,
            "min": 32.49618115103804,
            "max": 70.82800936102868,
            "count": 132
        },
        "DeepCTFv1.Environment.CumulativeReward.sum": {
            "value": 1811.7879982739687,
            "min": 649.9236230207607,
            "max": 2974.6185067743063,
            "count": 132
        },
        "DeepCTFv1.Policy.ExtrinsicReward.mean": {
            "value": 1070.3768808299844,
            "min": 258.1961097717285,
            "max": 1477.9797964625889,
            "count": 132
        },
        "DeepCTFv1.Policy.ExtrinsicReward.sum": {
            "value": 47096.58275651932,
            "min": 5163.92219543457,
            "max": 71878.16984653473,
            "count": 132
        },
        "DeepCTFv1.Environment.GroupCumulativeReward.mean": {
            "value": 727.2727272727273,
            "min": 0.0,
            "max": 1000.0,
            "count": 132
        },
        "DeepCTFv1.Environment.GroupCumulativeReward.sum": {
            "value": 32000.0,
            "min": 0.0,
            "max": 48000.0,
            "count": 132
        },
        "DeepCTFv1.Losses.PolicyLoss.mean": {
            "value": 0.5634913048928692,
            "min": 0.37384047961725064,
            "max": 0.8767022321089393,
            "count": 132
        },
        "DeepCTFv1.Losses.PolicyLoss.sum": {
            "value": 1.1269826097857385,
            "min": 0.48879665854786125,
            "max": 1.9713475046058495,
            "count": 132
        },
        "DeepCTFv1.Losses.ValueLoss.mean": {
            "value": 51329.31016722179,
            "min": 1234.0114437284924,
            "max": 77270.16975548153,
            "count": 132
        },
        "DeepCTFv1.Losses.ValueLoss.sum": {
            "value": 102658.62033444358,
            "min": 2468.022887456985,
            "max": 167592.0308067685,
            "count": 132
        },
        "DeepCTFv1.Losses.BaselineLoss.mean": {
            "value": 50810.50687045143,
            "min": 1234.011490594773,
            "max": 76343.89247730799,
            "count": 132
        },
        "DeepCTFv1.Losses.BaselineLoss.sum": {
            "value": 101621.01374090285,
            "min": 2468.022981189546,
            "max": 167596.7282318842,
            "count": 132
        },
        "DeepCTFv1.Policy.LearningRate.mean": {
            "value": 2.370332543555557e-07,
            "min": 2.370332543555557e-07,
            "max": 8.74352708549333e-05,
            "count": 132
        },
        "DeepCTFv1.Policy.LearningRate.sum": {
            "value": 4.740665087111114e-07,
            "min": 4.740665087111114e-07,
            "max": 0.00024894768368417775,
            "count": 132
        },
        "DeepCTFv1.Policy.Epsilon.mean": {
            "value": 0.10007897777777777,
            "min": 0.10007897777777777,
            "max": 0.12914506666666664,
            "count": 132
        },
        "DeepCTFv1.Policy.Epsilon.sum": {
            "value": 0.20015795555555554,
            "min": 0.12914506666666664,
            "max": 0.38298248888888897,
            "count": 132
        },
        "DeepCTFv1.Policy.Beta.mean": {
            "value": 1.6310324444444446e-05,
            "min": 1.6310324444444446e-05,
            "max": 0.002338690826666666,
            "count": 132
        },
        "DeepCTFv1.Policy.Beta.sum": {
            "value": 3.262064888888889e-05,
            "min": 3.262064888888889e-05,
            "max": 0.006660300862222223,
            "count": 132
        },
        "DeepCTFv1.IsTraining.mean": {
            "value": 1.0,
            "min": 1.0,
            "max": 1.0,
            "count": 132
        },
        "DeepCTFv1.IsTraining.sum": {
            "value": 1.0,
            "min": 1.0,
            "max": 1.0,
            "count": 132
        }
    },
    "metadata": {
        "timer_format_version": "0.1.0",
        "start_time_seconds": "1663507068",
        "python_version": "3.7.9 (tags/v3.7.9:13c94747c7, Aug 17 2020, 16:30:00) [MSC v.1900 64 bit (AMD64)]",
        "command_line_arguments": "C:\\Users\\krzys\\deepCTF\\deepCTFenv\\Scripts\\mlagents-learn results\\mapoca\\configuration.yaml --run-id=memory_m128_s128_17-09 --env=BuildV3\\CTF --num-envs=5 --no-graphics --resume",
        "mlagents_version": "0.29.0",
        "mlagents_envs_version": "0.29.0",
        "communication_protocol_version": "1.5.0",
        "pytorch_version": "1.12.1+cpu",
        "numpy_version": "1.21.2",
        "end_time_seconds": "1663527065"
    },
    "total": 19996.647001200003,
    "count": 1,
    "self": 1.9286829000011494,
    "children": {
        "run_training.setup": {
            "total": 1.8056666000000003,
            "count": 1,
            "self": 1.8056666000000003
        },
        "TrainerController.start_learning": {
            "total": 19992.9126517,
            "count": 1,
            "self": 20.91123709968815,
            "children": {
                "TrainerController._reset_env": {
                    "total": 6.1568775,
                    "count": 1,
                    "self": 6.1568775
                },
                "TrainerController.advance": {
                    "total": 19965.118933600308,
                    "count": 295833,
                    "self": 23.776514400589804,
                    "children": {
                        "env_step": {
                            "total": 6629.142285199725,
                            "count": 295833,
                            "self": 4318.822265198865,
                            "children": {
                                "SubprocessEnvManager._take_step": {
                                    "total": 2296.285688700529,
                                    "count": 330407,
                                    "self": 77.44894120033632,