{"count":1,"self":5441.2980223999994,"total":19991.0487942,"children":{"InitializeActuators":{"count":1896,"self":0.053763399999999996,"total":0.053763399999999996,"children":null},"InitializeSensors":{"count":1896,"self":0.042835,"total":0.042835,"children":null},"AgentSendState":{"count":338351,"self":11.6662912,"total":206.04857249999998,"children":{"CollectObservations":{"count":537336,"self":159.4268032,"total":159.42679819999998,"children":null},"WriteActionMask":{"count":537336,"self":2.12541,"total":2.12541,"children":null},"RequestDecision":{"count":537336,"self":8.41028,"total":32.8300735,"children":{"AgentInfo.ToProto":{"count":268668,"self":3.9744528,"total":24.419793199999997,"children":{"GenerateSensorData":{"count":268668,"self":20.4453408,"total":20.445340299999998,"children":null}}}}}}},"DecideAction":{"count":338351,"self":14297.1813888,"total":14297.181992,"children":null},"AgentAct":{"count":338351,"self":46.3144928,"total":46.314493399999996,"children":null},"AgentInfo.ToProto":{"count":944,"self":0.0165469,"total":0.1082423,"children":{"GenerateSensorData":{"count":944,"self":0.0916954,"total":0.0916954,"children":null}}}},"gauges":{},"metadata":{"timer_format_version":"0.1.0","start_time_seconds":"1663507074","unity_version":"2021.3.1f1","command_line_arguments":"C:\\Users\\krzys\\deepCTF\\BuildV3\\CTF.exe -nographics -batchmode --mlagents-port 5005 -logFile C:\\Users\\krzys\\deepCTF\\results\\memory_m128_s128_17-09\\run_logs\\Player-0.log","communication_protocol_version":"1.5.0","com.unity.ml-agents_version":"2.2.1-exp.1","scene_name":"SceneMain","end_time_seconds":"1663527064"}}