{
    "name": "root",
    "gauges": {
        "DeepCTFvK.Policy.Entropy.mean": {
            "value": 1.3957613706588745,
            "min": 1.3417682647705078,
            "max": 2.1938202381134033,
            "count": 335
        },
        "DeepCTFvK.Policy.Entropy.sum": {
            "value": 14158.603515625,
            "min": 13015.11328125,
            "max": 23193.068359375,
            "count": 335
        },
        "DeepCTFvK.Step.mean": {
            "value": 3349952.0,
            "min": 9940.0,
            "max": 3349952.0,
            "count": 335
        },
        "DeepCTFvK.Step.sum": {
            "value": 3349952.0,
            "min": 9940.0,
            "max": 3349952.0,
            "count": 335
        },
        "DeepCTFvK.Policy.ExtrinsicBaselineEstimate.mean": {
            "value": 0.6732034087181091,
            "min": 0.056043338030576706,
            "max": 0.8479189276695251,
            "count": 335
        },
        "DeepCTFvK.Policy.ExtrinsicBaselineEstimate.sum": {
            "value": 123.86942291259766,
            "min": 10.031757354736328,
            "max": 157.71292114257812,
            "count": 335
        },
        "DeepCTFvK.Policy.ExtrinsicValueEstimate.mean": {
            "value": 0.6243768930435181,
            "min": -0.008651542477309704,
            "max": 0.8651031255722046,
            "count": 335
        },
        "DeepCTFvK.Policy.ExtrinsicValueEstimate.sum": {
            "value": 114.8853530883789,
            "min": -1.5053684711456299,
            "max": 160.9091796875,
            "count": 335
        },
        "DeepCTFvK.Losses.PolicyLoss.mean": {
            "value": 0.5954895391237981,
            "min": 0.32921711105570595,
            "max": 0.7101847777874875,
            "count": 335
        },
        "DeepCTFvK.Losses.PolicyLoss.sum": {
            "value": 1.7864686173713944,
            "min": 0.6584342221114119,
            "max": 1.8218949756341143,
            "count": 335
        },
        "DeepCTFvK.Losses.ValueLoss.mean": {
            "value": 0.02921770775084576,
            "min": 0.0021613699607855997,
            "max": 0.06847382999313552,
            "count": 335
        },
        "DeepCTFvK.Losses.ValueLoss.sum": {
            "value": 0.08765312325253728,
            "min": 0.0043227399215711995,
            "max": 0.14165956836881205,
            "count": 335
        },
        "DeepCTFvK.Losses.BaselineLoss.mean": {
            "value": 0.04602639457499166,
            "min": 0.00253648857046972,
            "max": 0.3420819705684802,
            "count": 335
        },
        "DeepCTFvK.Losses.BaselineLoss.sum": {
            "value": 0.13807918372497496,
            "min": 0.00507297714093944,
            "max": 0.6841639411369604,
            "count": 335
        },
        "DeepCTFvK.Policy.LearningRate.mean": {
            "value": 0.0001996447934517467,
            "min": 0.0001996447934517467,
            "max": 0.00029977218007593996,
            "count": 335
        },
        "DeepCTFvK.Policy.LearningRate.sum": {
            "value": 0.0005989343803552401,
            "min": 0.00039999342666888,
            "max": 0.0008878354840548401,
            "count": 335
        },
        "DeepCTFvK.Policy.Epsilon.mean": {
            "value": 0.16654825333333334,
            "min": 0.16654825333333334,
            "max": 0.19992406,
            "count": 335
        },
        "DeepCTFvK.Policy.Epsilon.sum": {
            "value": 0.49964476,
            "min": 0.33333112,
            "max": 0.5959451599999999,
            "count": 335
        },
        "DeepCTFvK.Policy.Beta.mean": {
            "value": 0.005327205441333333,
            "min": 0.005327205441333333,
            "max": 0.007993932394000001,
            "count": 335
        },
        "DeepCTFvK.Policy.Beta.sum": {
            "value": 0.015981616324,
            "min": 0.010673156487999998,
            "max": 0.023676018284000004,
            "count": 335
        },
        "DeepCTFvK.Environment.EpisodeLength.mean": {
            "value": 255.11111111111111,
            "min": 145.9090909090909,
            "max": 400.0,
            "count": 335
        },
        "DeepCTFvK.Environment.EpisodeLength.sum": {
            "value": 9184.0,
            "min": 6204.0,
            "max": 15156.0,
            "count": 335
        },
        "DeepCTFvK.Environment.CumulativeReward.mean": {
            "value": 0.2632969966507517,
            "min": -0.3142581096556872,
            "max": 0.39602883011684753,
            "count": 335
        },
        "DeepCTFvK.Environment.CumulativeReward.sum": {
            "value": 9.47869187942706,
            "min": -7.542194631736493,
            "max": 20.55096279399004,
            "count": 335
        },
        "DeepCTFvK.Policy.ExtrinsicReward.mean": {
            "value": 2.0638257156436643,
            "min": -1.508438980517288,
            "max": 2.9038697427604347,
            "count": 335
        },
        "DeepCTFvK.Policy.ExtrinsicReward.sum": {
            "value": 74.29772576317191,
            "min": -36.20253553241491,
            "max": 167.41554157435894,
            "count": 335
        },
        "DeepCTFvK.Environment.GroupCumulativeReward.mean": {
            "value": 0.6666666666666666,
            "min": 0.0,
            "max": 1.0,
            "count": 335
        },
        "DeepCTFvK.Environment.GroupCumulativeReward.sum": {
            "value": 24.0,
            "min": 0.0,
            "max": 60.0,
            "count": 335
        },
        "DeepCTFvK.IsTraining.mean": {
            "value": 1.0,
            "min": 1.0,
            "max": 1.0,
            "count": 335
        },
        "DeepCTFvK.IsTraining.sum": {
            "value": 1.0,
            "min": 1.0,
            "max": 1.0,
            "count": 335
        }
    },
    "metadata": {
        "timer_format_version": "0.1.0",
        "start_time_seconds": "1663629925",
        "python_version": "3.7.9 (tags/v3.7.9:13c94747c7, Aug 17 2020, 18:58:18) [MSC v.1900 64 bit (AMD64)]",
        "command_line_arguments": "C:\\Users\\Kacper\\Documents\\GitHub\\deepctf\\deepCTFenv\\Scripts\\mlagents-learn results\\mapoca\\configuration.yaml --run-id=BigMem_LowRewards_20_09 --env=BuildLowRewards\\CTF --num-envs=5 --no-graphics",
        "mlagents_version": "0.29.0",
        "mlagents_envs_version": "0.29.0",
        "communication_protocol_version": "1.5.0",
        "pytorch_version": "1.12.1+cpu",
        "numpy_version": "1.21.2",
        "end_time_seconds": "1663676908"
    },
    "total": 46982.7133525,
    "count": 1,
    "self": 4.5605185000022175,
    "children": {
        "run_training.setup": {
            "total": 0.8678979,
            "count": 1,
            "self": 0.8678979
        },
        "TrainerController.start_learning": {
            "total": 46977.2849361,
            "count": 1,
            "self": 55.82213220131962,
            "children": {
                "TrainerController._reset_env": {
                    "total": 8.634896099999999,
                    "count": 1,
                    "self": 8.634896099999999
                },
                "TrainerController.advance": {
                    "total": 46912.28099869868,
                    "count": 647347,
                    "self": 62.318624097984866,
                    "children": {
                        "env_step": {
                            "total": 14013.333092800214,
                            "count": 647347,
                            "self": 3932.64010859838,
                            "children": {
                                "SubprocessEnvManager._take_step": {
                                    "total": 10037.347301000867,
                                    "count": 840783,
                                    "self": 208.78070890096933,