{
    "name": "root",
    "gauges": {
        "DeepCTFv1.Policy.Entropy.mean": {
            "value": 1.3635386228561401,
            "min": 0.40357083082199097,
            "max": 2.110069990158081,
            "count": 352
        },
        "DeepCTFv1.Policy.Entropy.sum": {
            "value": 13324.5,
            "min": 4201.9794921875,
            "max": 21876.42578125,
            "count": 352
        },
        "DeepCTFv1.Step.mean": {
            "value": 8019968.0,
            "min": 4509968.0,
            "max": 8019968.0,
            "count": 352
        },
        "DeepCTFv1.Step.sum": {
            "value": 8019968.0,
            "min": 4509968.0,
            "max": 8019968.0,
            "count": 352
        },
        "DeepCTFv1.Policy.ExtrinsicBaselineEstimate.mean": {
            "value": 62.934120178222656,
            "min": 0.2083522528409958,
            "max": 107.37676239013672,
            "count": 352
        },
        "DeepCTFv1.Policy.ExtrinsicBaselineEstimate.sum": {
            "value": 12460.9560546875,
            "min": 41.253746032714844,
            "max": 20938.46875,
            "count": 352
        },
        "DeepCTFv1.Policy.ExtrinsicValueEstimate.mean": {
            "value": 70.65364837646484,
            "min": -2.9085543155670166,
            "max": 102.15478515625,
            "count": 352
        },
        "DeepCTFv1.Policy.ExtrinsicValueEstimate.sum": {
            "value": 13989.421875,
            "min": -564.259521484375,
            "max": 20123.013671875,
            "count": 352
        },
        "DeepCTFv1.Environment.EpisodeLength.mean": {
            "value": 179.15384615384616,
            "min": 140.9375,
            "max": 199.45454545454547,
            "count": 352
        },
        "DeepCTFv1.Environment.EpisodeLength.sum": {
            "value": 9316.0,
            "min": 7844.0,
            "max": 12232.0,
            "count": 352
        },
        "DeepCTFv1.Environment.CumulativeReward.mean": {
            "value": 14.67165958079008,
            "min": -13.430418822169305,
            "max": 19.430878460407257,
            "count": 352
        },
        "DeepCTFv1.Environment.CumulativeReward.sum": {
            "value": 762.9262982010841,
            "min": -597.4335594177246,
            "max": 1297.1119511425495,
            "count": 352
        },
        "DeepCTFv1.Policy.ExtrinsicReward.mean": {
            "value": 255.03934868023947,
            "min": -64.4660135269165,
            "max": 775.6126513014499,
            "count": 352
        },
        "DeepCTFv1.Policy.ExtrinsicReward.sum": {
            "value": 13262.046131372452,
            "min": -2867.6811616420746,
            "max": 58946.56149891019,
            "count": 352
        },
        "DeepCTFv1.Environment.GroupCumulativeReward.mean": {
            "value": 153.84615384615384,
            "min": 0.0,
            "max": 578.9473684210526,
            "count": 352
        },
        "DeepCTFv1.Environment.GroupCumulativeReward.sum": {
            "value": 8000.0,
            "min": 0.0,
            "max": 44000.0,
            "count": 352
        },
        "DeepCTFv1.Losses.PolicyLoss.mean": {
            "value": 0.5216321522498869,
            "min": 0.33582519488083473,
            "max": 1.204922956370172,
            "count": 352
        },
        "DeepCTFv1.Losses.PolicyLoss.sum": {
            "value": 1.0432643044997738,
            "min": 0.6716503897616695,
            "max": 3.5967413165739606,
            "count": 352
        },
        "DeepCTFv1.Losses.ValueLoss.mean": {
            "value": 11146.417553538367,
            "min": 27.900086502234142,
            "max": 71125.86681974502,
            "count": 352
        },
        "DeepCTFv1.Losses.ValueLoss.sum": {
            "value": 22292.835107076735,
            "min": 55.800173004468284,
            "max": 190195.53504762196,
            "count": 352
        },
        "DeepCTFv1.Losses.BaselineLoss.mean": {
            "value": 11183.9394621622,
            "min": 37.87399417729605,
            "max": 70911.23827407474,
            "count": 352
        },
        "DeepCTFv1.Losses.BaselineLoss.sum": {
            "value": 22367.8789243244,
            "min": 75.7479883545921,
            "max": 207659.55494944254,
            "count": 352
        },
        "DeepCTFv1.Policy.LearningRate.mean": {
            "value": 0.00025092236737962455,
            "min": 0.00025092236737962455,
            "max": 0.00027240953572743674,
            "count": 352
        },
        "DeepCTFv1.Policy.LearningRate.sum": {
            "value": 0.0005018447347592491,
            "min": 0.0005018447347592491,
            "max": 0.0008168779868910202,
            "count": 352
        },
        "DeepCTFv1.Policy.Epsilon.mean": {
            "value": 0.1836407836734694,
            "min": 0.1836407836734694,
            "max": 0.19080317551020412,
            "count": 352
        },
        "DeepCTFv1.Policy.Epsilon.sum": {
            "value": 0.3672815673469388,
            "min": 0.3672815673469388,
            "max": 0.5722926530612245,
            "count": 352
        },
        "DeepCTFv1.Policy.Beta.mean": {
            "value": 0.0066928986155102045,
            "min": 0.0066928986155102045,
            "max": 0.007265173723265306,
            "count": 352
        },
        "DeepCTFv1.Policy.Beta.sum": {
            "value": 0.013385797231020409,
            "min": 0.013385797231020409,
            "max": 0.02178618297959184,
            "count": 352
        },
        "DeepCTFv1.IsTraining.mean": {
            "value": 1.0,
            "min": 1.0,
            "max": 1.0,
            "count": 352
        },
        "DeepCTFv1.IsTraining.sum": {
            "value": 1.0,
            "min": 1.0,
            "max": 1.0,
            "count": 352
        }
    },
    "metadata": {
        "timer_format_version": "0.1.0",
        "start_time_seconds": "1663631084",
        "python_version": "3.7.9 (tags/v3.7.9:13c94747c7, Aug 17 2020, 16:30:00) [MSC v.1900 64 bit (AMD64)]",
        "command_line_arguments": "C:\\Users\\krzys\\deepCTF\\deepCTFenv\\Scripts\\mlagents-learn results\\mapoca\\configuration.yaml --run-id=memory_m128_s128_17-09 --env=BuildV2_rewardsDistance_1000steps\\CTF --num-envs=5 --no-graphics --resume",
        "mlagents_version": "0.29.0",
        "mlagents_envs_version": "0.29.0",
        "communication_protocol_version": "1.5.0",
        "pytorch_version": "1.12.1+cpu",
        "numpy_version": "1.21.2",
        "end_time_seconds": "1663679171"
    },
    "total": 48087.121128700004,
    "count": 1,
    "self": 10.0074367000052,
    "children": {
        "run_training.setup": {
            "total": 0.8677685999999998,
            "count": 1,
            "self": 0.8677685999999998
        },
        "TrainerController.start_learning": {
            "total": 48076.2459234,
            "count": 1,
            "self": 43.77417359883111,
            "children": {
                "TrainerController._reset_env": {
                    "total": 3.4358133000000004,
                    "count": 1,
                    "self": 3.4358133000000004
                },
                "TrainerController.advance": {
                    "total": 48028.20361880117,
                    "count": 778775,
                    "self": 49.909306600406126,
                    "children": {
                        "env_step": {
                            "total": 14208.461959500244,
                            "count": 778775,
                            "self": 9729.957943095027,
                            "children": {
                                "SubprocessEnvManager._take_step": {
                                    "total": 4449.482968202708,
                                    "count": 886455,
                                    "self": 162.39464310275253,