{"count":1,"self":3868.8198656,"total":21429.789708099997,"children":{"InitializeActuators":{"count":4056,"self":0.1014718,"total":0.1014718,"children":null},"InitializeSensors":{"count":4056,"self":0.051976999999999995,"total":0.051976999999999995,"children":null},"AgentSendState":{"count":437351,"self":9.0763464,"total":151.95969739999998,"children":{"CollectObservations":{"count":692424,"self":117.20895999999999,"total":117.2089664,"children":null},"WriteActionMask":{"count":692424,"self":1.554227,"total":1.554227,"children":null},"RequestDecision":{"count":692424,"self":6.3305744,"total":24.120157499999998,"children":{"AgentInfo.ToProto":{"count":346212,"self":2.9715456,"total":17.789583099999998,"children":{"GenerateSensorData":{"count":346212,"self":14.818038399999999,"total":14.818037599999998,"children":null}}}}}}},"DecideAction":{"count":437351,"self":17370.7575296,"total":17370.7573238,"children":null},"AgentAct":{"count":437351,"self":37.990128,"total":37.990128399999996,"children":null},"AgentInfo.ToProto":{"count":2024,"self":0.015025799999999999,"total":0.1074483,"children":{"GenerateSensorData":{"count":2024,"self":0.092422499999999991,"total":0.092422499999999991,"children":null}}}},"gauges":{},"metadata":{"timer_format_version":"0.1.0","start_time_seconds":"1663721706","unity_version":"2021.3.1f1","command_line_arguments":"C:\\Users\\Kacper\\Documents\\GitHub\\deepctf\\NewBuild\\CTF.exe -nographics -batchmode --mlagents-port 5006 -logFile C:\\Users\\Kacper\\Documents\\GitHub\\deepctf\\results\\21_09_Kacper_newDistance\\run_logs\\Player-1.log","communication_protocol_version":"1.5.0","com.unity.ml-agents_version":"2.2.1-exp.1","scene_name":"SceneMain","end_time_seconds":"1663743135"}}