{"count":1,"self":15443.5649536,"total":31841.673791499998,"children":{"InitializeActuators":{"count":5032,"self":0.2539965,"total":0.2539965,"children":null},"InitializeSensors":{"count":5032,"self":0.33880129999999997,"total":0.33880129999999997,"children":null},"AgentSendState":{"count":1154867,"self":33.0850432,"total":463.4633088,"children":{"CollectObservations":{"count":1833760,"self":349.6903936,"total":349.6903812,"children":null},"WriteActionMask":{"count":1833760,"self":6.0729048,"total":6.0729049999999996,"children":null},"RequestDecision":{"count":1833760,"self":21.8703856,"total":74.6149808,"children":{"AgentInfo.ToProto":{"count":916880,"self":10.654116,"total":52.7445946,"children":{"GenerateSensorData":{"count":916880,"self":42.09048,"total":42.0904789,"children":null}}}}}}},"DecideAction":{"count":1154867,"self":15804.4045312,"total":15804.403883199999,"children":null},"AgentAct":{"count":1154867,"self":129.4802432,"total":129.48024519999998,"children":null},"AgentInfo.ToProto":{"count":2512,"self":0.048877199999999996,"total":0.1665962,"children":{"GenerateSensorData":{"count":2512,"self":0.11771899999999999,"total":0.11771899999999999,"children":null}}}},"gauges":{},"metadata":{"timer_format_version":"0.1.0","start_time_seconds":"1663198525","unity_version":"2021.3.1f1","command_line_arguments":"C:\\Users\\krzys\\deepCTF\\BuildV2\/CTF.exe -nographics -batchmode --mlagents-port 5008 -logFile C:\\Users\\krzys\\deepCTF\\results\\nocneuczenie14_09\\run_logs\\Player-3.log","communication_protocol_version":"1.5.0","com.unity.ml-agents_version":"2.2.1-exp.1","scene_name":"SceneMain","end_time_seconds":"1663230366"}}