{
    "name": "root",
    "gauges": {
        "DeepCTFv2.Policy.Entropy.mean": {
            "value": 1.648220181465149,
            "min": 1.0856735706329346,
            "max": 2.1902756690979004,
            "count": 184
        },
        "DeepCTFv2.Policy.Entropy.sum": {
            "value": 16185.5224609375,
            "min": 10904.505859375,
            "max": 23243.205078125,
            "count": 184
        },
        "DeepCTFv2.Step.mean": {
            "value": 1839977.0,
            "min": 9952.0,
            "max": 1839977.0,
            "count": 184
        },
        "DeepCTFv2.Step.sum": {
            "value": 1839977.0,
            "min": 9952.0,
            "max": 1839977.0,
            "count": 184
        },
        "DeepCTFv2.Policy.ExtrinsicBaselineEstimate.mean": {
            "value": 41.98307800292969,
            "min": 0.041574764996767044,
            "max": 51.7363395690918,
            "count": 184
        },
        "DeepCTFv2.Policy.ExtrinsicBaselineEstimate.sum": {
            "value": 8186.7001953125,
            "min": 8.06550407409668,
            "max": 10243.794921875,
            "count": 184
        },
        "DeepCTFv2.Policy.ExtrinsicValueEstimate.mean": {
            "value": 41.44672775268555,
            "min": 0.11629720032215118,
            "max": 46.37212371826172,
            "count": 184
        },
        "DeepCTFv2.Policy.ExtrinsicValueEstimate.sum": {
            "value": 8082.11181640625,
            "min": 22.561656951904297,
            "max": 9181.6806640625,
            "count": 184
        },
        "DeepCTFv2.Environment.EpisodeLength.mean": {
            "value": 186.83333333333334,
            "min": 134.38888888888889,
            "max": 199.45454545454547,
            "count": 184
        },
        "DeepCTFv2.Environment.EpisodeLength.sum": {
            "value": 8968.0,
            "min": 8388.0,
            "max": 12096.0,
            "count": 184
        },
        "DeepCTFv2.Environment.CumulativeReward.mean": {
            "value": 33.44790478970142,
            "min": 0.7223864595095316,
            "max": 51.5176144917806,
            "count": 184
        },
        "DeepCTFv2.Environment.CumulativeReward.sum": {
            "value": 1572.0515251159668,
            "min": 34.67455005645752,
            "max": 3351.6637506484985,
            "count": 184
        },
        "DeepCTFv2.Policy.ExtrinsicReward.mean": {
            "value": 174.55949537804787,
            "min": 4.267455404003461,
            "max": 258.8045598506927,
            "count": 184
        },
        "DeepCTFv2.Policy.ExtrinsicReward.sum": {
            "value": 8204.29628276825,
            "min": 204.83785939216614,
            "max": 16834.261152625084,
            "count": 184
        },
        "DeepCTFv2.Environment.GroupCumulativeReward.mean": {
            "value": 5.723404255319149,
            "min": 0.6153846153846154,
            "max": 9.941176470588236,
            "count": 184
        },
        "DeepCTFv2.Environment.GroupCumulativeReward.sum": {
            "value": 269.0,
            "min": 32.0,
            "max": 729.0,
            "count": 184
        },
        "DeepCTFv2.Losses.PolicyLoss.mean": {
            "value": 0.5882278382778168,
            "min": 0.44151691548246336,
            "max": 0.8412021094866629,
            "count": 184
        },
        "DeepCTFv2.Losses.PolicyLoss.sum": {
            "value": 1.1764556765556335,
            "min": 0.8830338309649267,
            "max": 2.1461469973326617,
            "count": 184
        },
        "DeepCTFv2.Losses.ValueLoss.mean": {
            "value": 236.1547831013089,
            "min": 23.68757099480856,
            "max": 340.02066422644117,
            "count": 184
        },
        "DeepCTFv2.Losses.ValueLoss.sum": {
            "value": 472.3095662026178,
            "min": 47.37514198961712,
            "max": 1020.0619926793235,
            "count": 184
        },
        "DeepCTFv2.Losses.BaselineLoss.mean": {
            "value": 322.58245095752534,
            "min": 24.058712234454497,
            "max": 574.8895003455026,
            "count": 184
        },
        "DeepCTFv2.Losses.BaselineLoss.sum": {
            "value": 645.1649019150507,
            "min": 48.11742446890899,
            "max": 1644.5519864672706,
            "count": 184
        },
        "DeepCTFv2.Policy.LearningRate.mean": {
            "value": 0.0002993886775371075,
            "min": 0.0002993886775371075,
            "max": 0.0002999978733340422,
            "count": 184
        },
        "DeepCTFv2.Policy.LearningRate.sum": {
            "value": 0.000598777355074215,
            "min": 0.000598777355074215,
            "max": 0.00089997450934183,
            "count": 184
        },
        "DeepCTFv2.Policy.Epsilon.mean": {
            "value": 0.19979622577777778,
            "min": 0.19979622577777778,
            "max": 0.1999992911111111,
            "count": 184
        },
        "DeepCTFv2.Policy.Epsilon.sum": {
            "value": 0.39959245155555556,
            "min": 0.39959245155555556,
            "max": 0.599991503111111,
            "count": 184
        },
        "DeepCTFv2.Policy.Beta.mean": {
            "value": 0.007983718439644445,
            "min": 0.007983718439644445,
            "max": 0.007999943359777778,
            "count": 184
        },
        "DeepCTFv2.Policy.Beta.sum": {
            "value": 0.01596743687928889,
            "min": 0.01596743687928889,
            "max": 0.023999321098577782,
            "count": 184
        },
        "DeepCTFv2.IsTraining.mean": {
            "value": 1.0,
            "min": 1.0,
            "max": 1.0,
            "count": 184
        },
        "DeepCTFv2.IsTraining.sum": {
            "value": 1.0,
            "min": 1.0,
            "max": 1.0,
            "count": 184
        }
    },
    "metadata": {
        "timer_format_version": "0.1.0",
        "start_time_seconds": "1665098904",
        "python_version": "3.7.9 (tags/v3.7.9:13c94747c7, Aug 17 2020, 18:58:18) [MSC v.1900 64 bit (AMD64)]",
        "command_line_arguments": "C:\\Users\\Kacper\\Documents\\GitHub\\deepctf\\deepCTFenv\\Scripts\\mlagents-learn results\\mapoca\\configuration.yaml --run-id=TheBigOne-06-10 --env=KacperBuild-05-10\\CTF --num-envs=5 --no-graphics",
        "mlagents_version": "0.29.0",
        "mlagents_envs_version": "0.29.0",
        "communication_protocol_version": "1.5.0",
        "pytorch_version": "1.12.1+cpu",
        "numpy_version": "1.21.2",
        "end_time_seconds": "1665128137"
    },
    "total": 29232.704448,
    "count": 1,
    "self": 10.01308820000122,
    "children": {
        "run_training.setup": {
            "total": 0.9664117000000001,
            "count": 1,
            "self": 0.9664117000000001
        },
        "TrainerController.start_learning": {
            "total": 29221.7249481,
            "count": 1,
            "self": 34.34673880011178,
            "children": {
                "TrainerController._reset_env": {
                    "total": 5.8732308,
                    "count": 1,
                    "self": 5.8732308
                },
                "TrainerController.advance": {
                    "total": 29181.15078029989,
                    "count": 373401,
                    "self": 40.1705638008134,
                    "children": {
                        "env_step": {
                            "total": 12099.11288500025,
                            "count": 373401,
                            "self": 4330.051257899185,
                            "children": {
                                "SubprocessEnvManager._take_step": {
                                    "total": 7741.788351099905,
                                    "count": 463752,
                                    "self": 135.91095470017262,