{
    "name": "root",
    "gauges": {
        "DeepCTFv2.Policy.Entropy.mean": {
            "value": 1.4374949932098389,
            "min": 1.402587652206421,
            "max": 1.7184385061264038,
            "count": 169
        },
        "DeepCTFv2.Policy.Entropy.sum": {
            "value": 14627.94921875,
            "min": 2280.92431640625,
            "max": 17437.166015625,
            "count": 169
        },
        "DeepCTFv2.Step.mean": {
            "value": 1739944.0,
            "min": 59936.0,
            "max": 1739944.0,
            "count": 169
        },
        "DeepCTFv2.Step.sum": {
            "value": 1739944.0,
            "min": 59936.0,
            "max": 1739944.0,
            "count": 169
        },
        "DeepCTFv2.Policy.ExtrinsicBaselineEstimate.mean": {
            "value": 1.1808933019638062,
            "min": 0.5390112996101379,
            "max": 1.359223484992981,
            "count": 169
        },
        "DeepCTFv2.Policy.ExtrinsicBaselineEstimate.sum": {
            "value": 230.27418518066406,
            "min": 16.367034912109375,
            "max": 283.37969970703125,
            "count": 169
        },
        "DeepCTFv2.Policy.ExtrinsicValueEstimate.mean": {
            "value": 1.1628303527832031,
            "min": 0.5416582226753235,
            "max": 1.3919200897216797,
            "count": 169
        },
        "DeepCTFv2.Policy.ExtrinsicValueEstimate.sum": {
            "value": 226.7519073486328,
            "min": 16.61142349243164,
            "max": 286.27618408203125,
            "count": 169
        },
        "DeepCTFv2.Environment.EpisodeLength.mean": {
            "value": 128.3125,
            "min": 67.0,
            "max": 302.125,
            "count": 169
        },
        "DeepCTFv2.Environment.EpisodeLength.sum": {
            "value": 8212.0,
            "min": 268.0,
            "max": 13032.0,
            "count": 169
        },
        "DeepCTFv2.Environment.CumulativeReward.mean": {
            "value": 0.5306658500516223,
            "min": 0.38098906516992986,
            "max": 0.638283931279417,
            "count": 169
        },
        "DeepCTFv2.Environment.CumulativeReward.sum": {
            "value": 35.02394610340707,
            "min": 1.6171945636160672,
            "max": 47.42041275603697,
            "count": 169
        },
        "DeepCTFv2.Policy.ExtrinsicReward.mean": {
            "value": 3.681766419473923,
            "min": 2.603972898378056,
            "max": 4.191463768241867,
            "count": 169
        },
        "DeepCTFv2.Policy.ExtrinsicReward.sum": {
            "value": 242.9965836852789,
            "min": 12.56253457069397,
            "max": 338.01799476519227,
            "count": 169
        },
        "DeepCTFv2.Environment.GroupCumulativeReward.mean": {
            "value": 1.0,
            "min": 0.5918367346938775,
            "max": 1.0,
            "count": 169
        },
        "DeepCTFv2.Environment.GroupCumulativeReward.sum": {
            "value": 66.0,
            "min": 4.0,
            "max": 92.0,
            "count": 169
        },
        "DeepCTFv2.IsTraining.mean": {
            "value": 1.0,
            "min": 1.0,
            "max": 1.0,
            "count": 169
        },
        "DeepCTFv2.IsTraining.sum": {
            "value": 1.0,
            "min": 1.0,
            "max": 1.0,
            "count": 169
        },
        "DeepCTFv2.Losses.PolicyLoss.mean": {
            "value": 0.526959614961275,
            "min": 0.4541373096572421,
            "max": 0.6630785635622618,
            "count": 168
        },
        "DeepCTFv2.Losses.PolicyLoss.sum": {
            "value": 1.05391922992255,
            "min": 0.9082746193144842,
            "max": 1.9059240508137183,
            "count": 168
        },
        "DeepCTFv2.Losses.ValueLoss.mean": {
            "value": 0.06493154471363162,
            "min": 0.031184549805604745,
            "max": 0.09238622723413366,
            "count": 168
        },
        "DeepCTFv2.Losses.ValueLoss.sum": {
            "value": 0.12986308942726324,
            "min": 0.06375611771918124,
            "max": 0.2703362077341548,
            "count": 168
        },
        "DeepCTFv2.Losses.BaselineLoss.mean": {
            "value": 0.0724789105644006,
            "min": 0.03581229208724662,
            "max": 0.11848951457068324,
            "count": 168
        },
        "DeepCTFv2.Losses.BaselineLoss.sum": {
            "value": 0.1449578211288012,
            "min": 0.07162458417449324,
            "max": 0.3554685437120497,
            "count": 168
        },
        "DeepCTFv2.Policy.LearningRate.mean": {
            "value": 0.000289387007619298,
            "min": 0.000289387007619298,
            "max": 0.00029959760829739593,
            "count": 168
        },
        "DeepCTFv2.Policy.LearningRate.sum": {
            "value": 0.000578774015238596,
            "min": 0.000578774015238596,
            "max": 0.0008978870456022777,
            "count": 168
        },
        "DeepCTFv2.Policy.Epsilon.mean": {
            "value": 0.19646233469387758,
            "min": 0.19646233469387758,
            "max": 0.19986586938775508,
            "count": 168
        },
        "DeepCTFv2.Policy.Epsilon.sum": {
            "value": 0.39292466938775517,
            "min": 0.39292466938775517,
            "max": 0.5992956816326529,
            "count": 168
        },
        "DeepCTFv2.Policy.Beta.mean": {
            "value": 0.007717340542040816,
            "min": 0.007717340542040816,
            "max": 0.00798928296408163,
            "count": 168
        },
        "DeepCTFv2.Policy.Beta.sum": {
            "value": 0.015434681084081633,
            "min": 0.015434681084081633,
            "max": 0.02394372496244898,
            "count": 168
        }
    },
    "metadata": {
        "timer_format_version": "0.1.0",
        "start_time_seconds": "1663721701",
        "python_version": "3.7.9 (tags/v3.7.9:13c94747c7, Aug 17 2020, 18:58:18) [MSC v.1900 64 bit (AMD64)]",
        "command_line_arguments": "C:\\Users\\Kacper\\Documents\\GitHub\\deepctf\\deepCTFenv\\Scripts\\mlagents-learn results\\mapoca\\KacperConfig.yaml --run-id=21_09_Kacper_newDistance --env=NewBuild\\CTF --num-envs=5 --no-graphics --resume",
        "mlagents_version": "0.29.0",
        "mlagents_envs_version": "0.29.0",
        "communication_protocol_version": "1.5.0",
        "pytorch_version": "1.12.1+cpu",
        "numpy_version": "1.21.2",
        "end_time_seconds": "1663743136"
    },
    "total": 21435.3133418,
    "count": 1,
    "self": 0.013801299999613548,
    "children": {
        "run_training.setup": {
            "total": 0.9563529,
            "count": 1,
            "self": 0.9563529
        },
        "TrainerController.start_learning": {
            "total": 21434.3431876,
            "count": 1,
            "self": 22.494609600311378,
            "children": {
                "TrainerController._reset_env": {
                    "total": 6.417272799999999,
                    "count": 1,
                    "self": 6.417272799999999
                },
                "TrainerController.advance": {
                    "total": 21404.877131899688,
                    "count": 298571,
                    "self": 24.35051580005529,
                    "children": {
                        "env_step": {
                            "total": 5793.779386799699,
                            "count": 298571,
                            "self": 1593.3645816001545,
                            "children": {
                                "SubprocessEnvManager._take_step": {
                                    "total": 4182.872833099694,
                                    "count": 424042,
                                    "self": 98.40005080012497,