{
    "name": "root",
    "gauges": {
        "DeepCTFv1.Policy.Entropy.mean": {
            "value": 1.4161686897277832,
            "min": 1.3758260011672974,
            "max": 2.0868752002716064,
            "count": 13
        },
        "DeepCTFv1.Policy.Entropy.sum": {
            "value": 70882.078125,
            "min": 68862.84375,
            "max": 104761.1328125,
            "count": 13
        },
        "DeepCTFv1.Step.mean": {
            "value": 649944.0,
            "min": 49944.0,
            "max": 649944.0,
            "count": 13
        },
        "DeepCTFv1.Step.sum": {
            "value": 649944.0,
            "min": 49944.0,
            "max": 649944.0,
            "count": 13
        },
        "DeepCTFv1.Policy.ExtrinsicBaselineEstimate.mean": {
            "value": 1.54221510887146,
            "min": -0.11384744197130203,
            "max": 2.7391505241394043,
            "count": 13
        },
        "DeepCTFv1.Policy.ExtrinsicBaselineEstimate.sum": {
            "value": 1207.554443359375,
            "min": -89.25639343261719,
            "max": 2144.7548828125,
            "count": 13
        },
        "DeepCTFv1.Policy.ExtrinsicValueEstimate.mean": {
            "value": 1.2415132522583008,
            "min": 0.11713006347417831,
            "max": 2.6798224449157715,
            "count": 13
        },
        "DeepCTFv1.Policy.ExtrinsicValueEstimate.sum": {
            "value": 972.1049194335938,
            "min": 91.71283721923828,
            "max": 2098.301025390625,
            "count": 13
        },
        "DeepCTFv1.Losses.PolicyLoss.mean": {
            "value": 0.036375207737170664,
            "min": 0.03314578745241306,
            "max": 0.03757403337019544,
            "count": 13
        },
        "DeepCTFv1.Losses.PolicyLoss.sum": {
            "value": 0.18187603868585334,
            "min": 0.13618391192091317,
            "max": 0.18787016685097718,
            "count": 13
        },
        "DeepCTFv1.Losses.ValueLoss.mean": {
            "value": 0.01799542226207753,
            "min": 0.00033298307823618713,
            "max": 720.2753045252945,
            "count": 13
        },
        "DeepCTFv1.Losses.ValueLoss.sum": {
            "value": 0.08997711131038766,
            "min": 0.0016649153911809356,
            "max": 3601.3765226264723,
            "count": 13
        },
        "DeepCTFv1.Losses.BaselineLoss.mean": {
            "value": 0.13585748560726643,
            "min": 0.0003017689843060604,
            "max": 727.2715299801268,
            "count": 13
        },
        "DeepCTFv1.Losses.BaselineLoss.sum": {
            "value": 0.6792874280363321,
            "min": 0.001508844921530302,
            "max": 3636.357649900634,
            "count": 13
        },
        "DeepCTFv1.Policy.LearningRate.mean": {
            "value": 0.00011147670284111998,
            "min": 0.00011147670284111998,
            "max": 0.00029218020260659997,
            "count": 13
        },
        "DeepCTFv1.Policy.LearningRate.sum": {
            "value": 0.0005573835142055999,
            "min": 0.0005573835142055999,
            "max": 0.0013901772366075997,
            "count": 13
        },
        "DeepCTFv1.Policy.Epsilon.mean": {
            "value": 0.13715888,
            "min": 0.13715888,
            "max": 0.1973934,
            "count": 13
        },
        "DeepCTFv1.Policy.Epsilon.sum": {
            "value": 0.6857944,
            "min": 0.630328,
            "max": 0.9633924000000003,
            "count": 13
        },
        "DeepCTFv1.Policy.Beta.mean": {
            "value": 0.0018642281119999999,
            "min": 0.0018642281119999999,
            "max": 0.00486993066,
            "count": 13
        },
        "DeepCTFv1.Policy.Beta.sum": {
            "value": 0.00932114056,
            "min": 0.00932114056,
            "max": 0.023173280760000005,
            "count": 13
        },
        "DeepCTFv1.Environment.EpisodeLength.mean": {
            "value": 16672.0,
            "min": 4933.0,
            "max": 16673.0,
            "count": 11
        },
        "DeepCTFv1.Environment.EpisodeLength.sum": {
            "value": 66688.0,
            "min": 19732.0,
            "max": 66692.0,
            "count": 11
        },
        "DeepCTFv1.Environment.CumulativeReward.mean": {
            "value": 0.0,
            "min": 0.0,
            "max": 25.0,
            "count": 11
        },
        "DeepCTFv1.Environment.CumulativeReward.sum": {
            "value": 0.0,
            "min": 0.0,
            "max": 100.0,
            "count": 11
        },
        "DeepCTFv1.Policy.ExtrinsicReward.mean": {
            "value": 0.0,
            "min": 0.0,
            "max": 1100.0,
            "count": 11
        },
        "DeepCTFv1.Policy.ExtrinsicReward.sum": {
            "value": 0.0,
            "min": 0.0,
            "max": 4400.0,
            "count": 11
        },
        "DeepCTFv1.Environment.GroupCumulativeReward.mean": {
            "value": 0.0,
            "min": 0.0,
            "max": 1000.0,
            "count": 11
        },
        "DeepCTFv1.Environment.GroupCumulativeReward.sum": {
            "value": 0.0,
            "min": 0.0,
            "max": 4000.0,
            "count": 11
        },
        "DeepCTFv1.IsTraining.mean": {
            "value": 1.0,
            "min": 1.0,
            "max": 1.0,
            "count": 13
        },
        "DeepCTFv1.IsTraining.sum": {
            "value": 1.0,
            "min": 1.0,
            "max": 1.0,
            "count": 13
        }
    },
    "metadata": {
        "timer_format_version": "0.1.0",
        "start_time_seconds": "1662928659",
        "python_version": "3.7.9 (tags/v3.7.9:13c94747c7, Aug 17 2020, 16:30:00) [MSC v.1900 64 bit (AMD64)]",
        "command_line_arguments": "C:\\Users\\krzys\\deepCTF\\deepCTFenv\\Scripts\\mlagents-learn results\\mapoca\\configuration.yaml --run-id=deepCTFlvl0",
        "mlagents_version": "0.29.0",
        "mlagents_envs_version": "0.29.0",
        "communication_protocol_version": "1.5.0",
        "pytorch_version": "1.12.1+cpu",
        "numpy_version": "1.21.2",
        "end_time_seconds": "1662967748"
    },
    "total": 39089.660953599996,
    "count": 1,
    "self": 0.024073699991276953,
    "children": {
        "run_training.setup": {
            "total": 0.2343103999999998,
            "count": 1,
            "self": 0.2343103999999998
        },
        "TrainerController.start_learning": {
            "total": 39089.4025695,
            "count": 1,
            "self": 6.446477500547189,
            "children": {
                "TrainerController._reset_env": {
                    "total": 6.2779571,
                    "count": 1,
                    "self": 6.2779571
                },
                "TrainerController.advance": {
                    "total": 39076.17120839945,
                    "count": 170453,
                    "self": 6.990443698326999,
                    "children": {
                        "env_step": {
                            "total": 4829.627618700475,
                            "count": 170453,
                            "self": 4378.223052700885,
                            "children": {
                                "SubprocessEnvManager._take_step": {
                                    "total": 447.1393258002133,
                                    "count": 170453,
                                    "self": 16.74100920046851,
                                    "children": {
                                        "TorchPolicy.evaluate": {
                                            "total": 430.3983165997448,
                                            "count": 170442,
                                            "self": 86.24146679876355,