{
    "name": "root",
    "gauges": {
        "DeepCTFv2.Policy.Entropy.mean": {
            "value": 1.3861162662506104,
            "min": 1.3572543859481812,
            "max": 1.729379653930664,
            "count": 393
        },
        "DeepCTFv2.Policy.Entropy.sum": {
            "value": 13811.2626953125,
            "min": 13247.912109375,
            "max": 17607.939453125,
            "count": 393
        },
        "DeepCTFv2.Step.mean": {
            "value": 3929964.0,
            "min": 9952.0,
            "max": 3929964.0,
            "count": 393
        },
        "DeepCTFv2.Step.sum": {
            "value": 3929964.0,
            "min": 9952.0,
            "max": 3929964.0,
            "count": 393
        },
        "DeepCTFv2.Policy.ExtrinsicBaselineEstimate.mean": {
            "value": 2.0297021865844727,
            "min": 0.9567028880119324,
            "max": 2.5425946712493896,
            "count": 393
        },
        "DeepCTFv2.Policy.ExtrinsicBaselineEstimate.sum": {
            "value": 391.7325134277344,
            "min": 171.24981689453125,
            "max": 490.72076416015625,
            "count": 393
        },
        "DeepCTFv2.Policy.ExtrinsicValueEstimate.mean": {
            "value": 2.059114933013916,
            "min": 1.0314035415649414,
            "max": 2.5299835205078125,
            "count": 393
        },
        "DeepCTFv2.Policy.ExtrinsicValueEstimate.sum": {
            "value": 397.4091796875,
            "min": 187.44061279296875,
            "max": 485.7568359375,
            "count": 393
        },
        "DeepCTFv2.Environment.EpisodeLength.mean": {
            "value": 139.6315789473684,
            "min": 118.8,
            "max": 333.7142857142857,
            "count": 393
        },
        "DeepCTFv2.Environment.EpisodeLength.sum": {
            "value": 10612.0,
            "min": 7148.0,
            "max": 12976.0,
            "count": 393
        },
        "DeepCTFv2.Environment.CumulativeReward.mean": {
            "value": 1.7190169506877857,
            "min": 0.8643903113232227,
            "max": 2.25148269842918,
            "count": 393
        },
        "DeepCTFv2.Environment.CumulativeReward.sum": {
            "value": 130.6452882522717,
            "min": 34.75118248537183,
            "max": 145.45507591124624,
            "count": 393
        },
        "DeepCTFv2.Policy.ExtrinsicReward.mean": {
            "value": 9.388124030671621,
            "min": 5.349073581490666,
            "max": 11.815177596532381,
            "count": 393
        },
        "DeepCTFv2.Policy.ExtrinsicReward.sum": {
            "value": 713.4974263310432,
            "min": 200.4056846946478,
            "max": 782.2685451358557,
            "count": 393
        },
        "DeepCTFv2.Environment.GroupCumulativeReward.mean": {
            "value": 0.9473684210526315,
            "min": 0.5,
            "max": 1.0,
            "count": 393
        },
        "DeepCTFv2.Environment.GroupCumulativeReward.sum": {
            "value": 72.0,
            "min": 16.0,
            "max": 80.0,
            "count": 393
        },
        "DeepCTFv2.Losses.PolicyLoss.mean": {
            "value": 0.5562638763803989,
            "min": 0.4537489777514046,
            "max": 0.6801749369728246,
            "count": 393
        },
        "DeepCTFv2.Losses.PolicyLoss.sum": {
            "value": 1.1125277527607977,
            "min": 0.9074979555028092,
            "max": 1.900959385825055,
            "count": 393
        },
        "DeepCTFv2.Losses.ValueLoss.mean": {
            "value": 0.3128018667477937,
            "min": 0.12777204222474542,
            "max": 0.7118632764378119,
            "count": 393
        },
        "DeepCTFv2.Losses.ValueLoss.sum": {
            "value": 0.6256037334955874,
            "min": 0.2718573610653125,
            "max": 1.4237265528756238,
            "count": 393
        },
        "DeepCTFv2.Losses.BaselineLoss.mean": {
            "value": 0.4166133932192766,
            "min": 0.17682394170985807,
            "max": 0.9179840169769402,
            "count": 393
        },
        "DeepCTFv2.Losses.BaselineLoss.sum": {
            "value": 0.8332267864385532,
            "min": 0.4093499505626304,
            "max": 1.8647741810196923,
            "count": 393
        },
        "DeepCTFv2.Policy.LearningRate.mean": {
            "value": 0.00029869213776928766,
            "min": 0.00029869213776928766,
            "max": 0.0002999976046674651,
            "count": 393
        },
        "DeepCTFv2.Policy.LearningRate.sum": {
            "value": 0.0005973842755385753,
            "min": 0.0005973842755385753,
            "max": 0.0008999249400250199,
            "count": 393
        },
        "DeepCTFv2.Policy.Epsilon.mean": {
            "value": 0.1995640457777778,
            "min": 0.1995640457777778,
            "max": 0.1999992015555555,
            "count": 393
        },
        "DeepCTFv2.Policy.Epsilon.sum": {
            "value": 0.3991280915555556,
            "min": 0.3991280915555556,
            "max": 0.59997498,
            "count": 393
        },
        "DeepCTFv2.Policy.Beta.mean": {
            "value": 0.007965167257644443,
            "min": 0.007965167257644443,
            "max": 0.00799993620428889,
            "count": 393
        },
        "DeepCTFv2.Policy.Beta.sum": {
            "value": 0.015930334515288885,
            "min": 0.015930334515288885,
            "max": 0.023998000902,
            "count": 393
        },
        "DeepCTFv2.IsTraining.mean": {
            "value": 1.0,
            "min": 1.0,
            "max": 1.0,
            "count": 393
        },
        "DeepCTFv2.IsTraining.sum": {
            "value": 1.0,
            "min": 1.0,
            "max": 1.0,
            "count": 393
        }
    },
    "metadata": {
        "timer_format_version": "0.1.0",
        "start_time_seconds": "1663723397",
        "python_version": "3.7.9 (tags/v3.7.9:13c94747c7, Aug 17 2020, 16:30:00) [MSC v.1900 64 bit (AMD64)]",
        "command_line_arguments": "C:\\Users\\krzys\\deepCTF\\deepCTFenv\\Scripts\\mlagents-learn results\\mapoca\\configuration.yaml --run-id=runImportant --env=NewBuild\\CTF --num-envs=5 --no-graphics --initialize-from=BigMem-SimplerReward_21_09 --force",
        "mlagents_version": "0.29.0",
        "mlagents_envs_version": "0.29.0",
        "communication_protocol_version": "1.5.0",
        "pytorch_version": "1.12.1+cpu",
        "numpy_version": "1.21.2",
        "end_time_seconds": "1663787256"
    },
    "total": 63859.211474200005,
    "count": 1,
    "self": 1.3772104000017862,
    "children": {
        "run_training.setup": {
            "total": 0.8616849000000002,
            "count": 1,
            "self": 0.8616849000000002
        },
        "TrainerController.start_learning": {
            "total": 63856.9725789,
            "count": 1,
            "self": 50.524310495158716,
            "children": {
                "TrainerController._reset_env": {
                    "total": 2.88018,
                    "count": 1,
                    "self": 2.88018
                },
                "TrainerController.advance": {
                    "total": 63802.491773404836,
                    "count": 850389,
                    "self": 57.226525106918416,
                    "children": {
                        "env_step": {
                            "total": 13376.441427798654,
                            "count": 850389,
                            "self": 8095.8400544010165,
                            "children": {
                                "SubprocessEnvManager._take_step": {
                                    "total": 5247.06375300025,
                                    "count": 990073,
                                    "self": 187.4579474032871,