{"count":1,"self":1498.7565055999999,"total":5020.7559630999995,"children":{"InitializeActuators":{"count":776,"self":0.0194952,"total":0.0194952,"children":null},"InitializeSensors":{"count":776,"self":0.030013699999999997,"total":0.030013699999999997,"children":null},"AgentSendState":{"count":66467,"self":1.8652722,"total":91.8895637,"children":{"CollectObservations":{"count":93292,"self":83.476742399999992,"total":83.476745,"children":null},"WriteActionMask":{"count":93292,"self":0.2710216,"total":0.2710216,"children":null},"RequestDecision":{"count":93292,"self":1.2589127,"total":6.2765249,"children":{"AgentInfo.ToProto":{"count":40792,"self":0.7898305,"total":5.0176121999999994,"children":{"GenerateSensorData":{"count":40792,"self":4.2277816,"total":4.2277816999999995,"children":null}}}}}}},"DecideAction":{"count":66467,"self":3427.4021376,"total":3427.402043,"children":null},"AgentAct":{"count":66467,"self":2.6258879999999998,"total":2.6258879999999998,"children":null},"AgentInfo.ToProto":{"count":384,"self":0.0059932,"total":0.030503699999999998,"children":{"GenerateSensorData":{"count":384,"self":0.024510499999999998,"total":0.024510499999999998,"children":null}}}},"gauges":{},"metadata":{"timer_format_version":"0.1.0","start_time_seconds":"1665749787","unity_version":"2021.3.1f1","command_line_arguments":"C:\\Users\\Kacper\\Documents\\GitHub\\deepctf\\SuperBuild1.1-water\\CTF.exe -nographics -batchmode --mlagents-port 5008 -logFile C:\\Users\\Kacper\\Documents\\GitHub\\deepctf\\results\\14_10_water\\run_logs\\Player-3.log","communication_protocol_version":"1.5.0","com.unity.ml-agents_version":"2.2.1-exp.1","scene_name":"SceneMain","end_time_seconds":"1665754807"}}