{
    "name": "root",
    "metadata": {
        "timer_format_version": "0.1.0",
        "start_time_seconds": "1663101434",
        "python_version": "3.7.9 (tags/v3.7.9:13c94747c7, Aug 17 2020, 18:58:18) [MSC v.1900 64 bit (AMD64)]",
        "command_line_arguments": "C:\\Users\\Kacper\\Documents\\GitHub\\deepctf\\deepCTFenv\\Scripts\\mlagents-learn results\\mapoca\\configuration.yaml --run-id=KacperTest",
        "mlagents_version": "0.29.0",
        "mlagents_envs_version": "0.29.0",
        "communication_protocol_version": "1.5.0",
        "pytorch_version": "1.12.1+cpu",
        "numpy_version": "1.21.2",
        "end_time_seconds": "1663101709"
    },
    "total": 275.2884831,
    "count": 1,
    "self": 0.01635100000004286,
    "children": {
        "run_training.setup": {
            "total": 0.21084749999999985,
            "count": 1,
            "self": 0.21084749999999985
        },
        "TrainerController.start_learning": {
            "total": 275.06128459999996,
            "count": 1,
            "self": 0.0981854000000908,
            "children": {
                "TrainerController._reset_env": {
                    "total": 14.149786900000002,
                    "count": 1,
                    "self": 14.149786900000002
                },
                "TrainerController.advance": {
                    "total": 260.3951599999999,
                    "count": 2738,
                    "self": 0.10681509999892569,
                    "children": {
                        "env_step": {
                            "total": 230.3544013000007,
                            "count": 2738,
                            "self": 223.45654230000196,
                            "children": {
                                "SubprocessEnvManager._take_step": {
                                    "total": 6.834777399999236,
                                    "count": 2738,
                                    "self": 0.2865560999983785,
                                    "children": {
                                        "TorchPolicy.evaluate": {
                                            "total": 6.548221300000858,
                                            "count": 2701,
                                            "self": 1.288220300000468,
                                            "children": {
                                                "TorchPolicy.sample_actions": {
                                                    "total": 5.26000100000039,
                                                    "count": 2701,
                                                    "self": 5.26000100000039
                                                }
                                            }
                                        }
                                    }
                                },
                                "workers": {
                                    "total": 0.06308159999951002,
                                    "count": 2737,
                                    "self": 0.0,
                                    "children": {
                                        "worker_root": {
                                            "total": 260.35831929999966,
                                            "count": 2737,
                                            "is_parallel": true,
                                            "self": 42.09623209999927,
                                            "children": {
                                                "steps_from_proto": {
                                                    "total": 0.0007782000000009504,
                                                    "count": 1,
                                                    "is_parallel": true,
                                                    "self": 0.0004604000000032471,
                                                    "children": {
                                                        "_process_rank_one_or_two_observation": {
                                                            "total": 0.00031779999999770325,
                                                            "count": 2,
                                                            "is_parallel": true,
                                                            "self": 0.00031779999999770325
                                                        }
                                                    }
                                                },
                                                "UnityEnvironment.step": {
                                                    "total": 218.26130900000038,
                                                    "count": 2737,
                                                    "is_parallel": true,
                                                    "self": 0.610090700002047,
                                                    "children": {
                                                        "UnityEnvironment._generate_step_input": {
                                                            "total": 0.5955846999987937,
                                                            "count": 2737,
                                                            "is_parallel": true,
                                                            "self": 0.5955846999987937
                                                        },
                                                        "communicator.exchange": {
                                                            "total": 215.0843449999995,
                                                            "count": 2737,
                                                            "is_parallel": true,
                                                            "self": 215.0843449999995
                                                        },
                                                        "steps_from_proto": {
                                                            "total": 1.971288600000042,
                                                            "count": 2737,
                                                            "is_parallel": true,
                                                            "self": 0.9707920000002659,
                                                            "children": {
                                                                "_process_rank_one_or_two_observation": {
                                                                    "total": 1.0004965999997761,
                                                                    "count": 5474,
                                                                    "is_parallel": true,
                                                                    "self": 1.0004965999997761
                                                                }
                                                            }
                                                        }
                                                    }
                                                }
                                            }
                                        }
                                    }
                                }
                            }
                        },
                        "trainer_advance": {
                            "total": 29.93394360000031,
                            "count": 2737,
                            "self": 0.123684500000671,
                            "children": {
                                "process_trajectory": {
                                    "total": 6.01112999999965,
                                    "count": 2737,
                                    "self": 6.01112999999965
                                },