{"count":1,"self":10672.9029632,"total":30933.3893134,"children":{"InitializeActuators":{"count":2184,"self":0.0670258,"total":0.0670258,"children":null},"InitializeSensors":{"count":2184,"self":0.054983699999999996,"total":0.054983699999999996,"children":null},"AgentSendState":{"count":513684,"self":14.892196799999999,"total":519.8561569,"children":{"CollectObservations":{"count":815632,"self":456.4278784,"total":456.427886,"children":null},"WriteActionMask":{"count":815632,"self":2.5733281999999997,"total":2.5733281999999997,"children":null},"RequestDecision":{"count":815632,"self":11.2797088,"total":45.9627461,"children":{"AgentInfo.ToProto":{"count":407816,"self":5.2377791999999994,"total":34.6830369,"children":{"GenerateSensorData":{"count":407816,"self":29.445257599999998,"total":29.445257599999998,"children":null}}}}}}},"DecideAction":{"count":513684,"self":19716.816896,"total":19716.8168303,"children":null},"AgentAct":{"count":513684,"self":23.6167312,"total":23.6167312,"children":null},"AgentInfo.ToProto":{"count":1088,"self":0.0199789,"total":0.0729356,"children":{"GenerateSensorData":{"count":1088,"self":0.052956699999999995,"total":0.052956699999999995,"children":null}}}},"gauges":{},"metadata":{"timer_format_version":"0.1.0","start_time_seconds":"1665698591","unity_version":"2021.3.1f1","command_line_arguments":"C:\\Users\\Kacper\\Documents\\GitHub\\deepctf\\SuperBuild1.1\\CTF.exe -nographics -batchmode --mlagents-port 5006 -logFile C:\\Users\\Kacper\\Documents\\GitHub\\deepctf\\results\\13_10_config2\\run_logs\\Player-1.log","communication_protocol_version":"1.5.0","com.unity.ml-agents_version":"2.2.1-exp.1","scene_name":"SceneMain","end_time_seconds":"1665729524"}}