{
    "name": "root",
    "metadata": {
        "timer_format_version": "0.1.0",
        "start_time_seconds": "1658697586",
        "python_version": "3.9.13 (tags/v3.9.13:6de2ca5, May 17 2022, 16:36:42) [MSC v.1929 64 bit (AMD64)]",
        "command_line_arguments": "C:\\Users\\szczepan\\Documents\\GitHub\\deepctf\\deepCTFenv\\Scripts\\mlagents-learn --resume",
        "mlagents_version": "0.29.0",
        "mlagents_envs_version": "0.29.0",
        "communication_protocol_version": "1.5.0",
        "pytorch_version": "1.12.0+cpu",
        "numpy_version": "1.21.2",
        "end_time_seconds": "1658697661"
    },
    "total": 74.8947134,
    "count": 1,
    "self": 0.008230699999998592,
    "children": {
        "run_training.setup": {
            "total": 0.3051206000000004,
            "count": 1,
            "self": 0.3051206000000004
        },
        "TrainerController.start_learning": {
            "total": 74.5813621,
            "count": 1,
            "self": 0.02104759999998862,
            "children": {
                "TrainerController._reset_env": {
                    "total": 9.904768599999999,
                    "count": 1,
                    "self": 9.904768599999999
                },
                "TrainerController.advance": {
                    "total": 64.11244530000002,
                    "count": 662,
                    "self": 0.03612680000028945,
                    "children": {
                        "env_step": {
                            "total": 63.863894999999935,
                            "count": 662,
                            "self": 62.039028999999886,
                            "children": {
                                "SubprocessEnvManager._take_step": {
                                    "total": 1.8092703999999706,
                                    "count": 662,
                                    "self": 0.05567379999993349,
                                    "children": {
                                        "TorchPolicy.evaluate": {
                                            "total": 1.7535966000000371,
                                            "count": 659,
                                            "self": 0.28093100000013393,
                                            "children": {
                                                "TorchPolicy.sample_actions": {
                                                    "total": 1.4726655999999032,
                                                    "count": 659,
                                                    "self": 1.4726655999999032
                                                }
                                            }
                                        }
                                    }
                                },
                                "workers": {
                                    "total": 0.015595600000079202,
                                    "count": 661,
                                    "self": 0.0,
                                    "children": {
                                        "worker_root": {
                                            "total": 55.27722649999993,
                                            "count": 661,
                                            "is_parallel": true,
                                            "self": 3.20852660000007,
                                            "children": {
                                                "steps_from_proto": {
                                                    "total": 0.0020318000000010272,
                                                    "count": 1,
                                                    "is_parallel": true,
                                                    "self": 0.0009428000000006875,
                                                    "children": {
                                                        "_process_rank_one_or_two_observation": {
                                                            "total": 0.0010890000000003397,
                                                            "count": 4,
                                                            "is_parallel": true,
                                                            "self": 0.0010890000000003397
                                                        }
                                                    }
                                                },
                                                "UnityEnvironment.step": {
                                                    "total": 52.06666809999986,
                                                    "count": 661,
                                                    "is_parallel": true,
                                                    "self": 0.10212979999990068,
                                                    "children": {
                                                        "UnityEnvironment._generate_step_input": {
                                                            "total": 0.07688289999992293,
                                                            "count": 661,
                                                            "is_parallel": true,
                                                            "self": 0.07688289999992293
                                                        },
                                                        "communicator.exchange": {
                                                            "total": 51.520695800000034,
                                                            "count": 661,
                                                            "is_parallel": true,
                                                            "self": 51.520695800000034
                                                        },
                                                        "steps_from_proto": {
                                                            "total": 0.3669596000000013,
                                                            "count": 661,
                                                            "is_parallel": true,
                                                            "self": 0.19027030000009582,
                                                            "children": {
                                                                "_process_rank_one_or_two_observation": {
                                                                    "total": 0.17668929999990546,
                                                                    "count": 2644,
                                                                    "is_parallel": true,
                                                                    "self": 0.17668929999990546
                                                                }
                                                            }
                                                        }
                                                    }
                                                }
                                            }
                                        }
                                    }
                                }
                            }
                        },
                        "trainer_advance": {
                            "total": 0.21242349999980092,
                            "count": 661,
                            "self": 0.023724499999730142,
                            "children": {
                                "process_trajectory": {
                                    "total": 0.18869900000007078,
                                    "count": 661,
                                    "self": 0.18869900000007078
                                }
                            }
                        }
                    }
                },