{
    "name": "root",
    "metadata": {
        "timer_format_version": "0.1.0",
        "start_time_seconds": "1661861118",
        "python_version": "3.7.9 (tags/v3.7.9:13c94747c7, Aug 17 2020, 16:30:00) [MSC v.1900 64 bit (AMD64)]",
        "command_line_arguments": "C:\\Users\\krzys\\deepCTF\\deepCTFenv\\Scripts\\mlagents-learn --run-id=v1",
        "mlagents_version": "0.29.0",
        "mlagents_envs_version": "0.29.0",
        "communication_protocol_version": "1.5.0",
        "pytorch_version": "1.12.1+cpu",
        "numpy_version": "1.21.2",
        "end_time_seconds": "1661861340"
    },
    "total": 222.2499544,
    "count": 1,
    "self": 0.020847300000014002,
    "children": {
        "run_training.setup": {
            "total": 0.2797392000000001,
            "count": 1,
            "self": 0.2797392000000001
        },
        "TrainerController.start_learning": {
            "total": 221.9493679,
            "count": 1,
            "self": 0.09684069999940448,
            "children": {
                "TrainerController._reset_env": {
                    "total": 11.6047859,
                    "count": 1,
                    "self": 11.6047859
                },
                "TrainerController.advance": {
                    "total": 209.4875694000006,
                    "count": 1998,
                    "self": 0.10608120000028975,
                    "children": {
                        "env_step": {
                            "total": 208.07184110000068,
                            "count": 1998,
                            "self": 201.36742879999923,
                            "children": {
                                "SubprocessEnvManager._take_step": {
                                    "total": 6.644001600001026,
                                    "count": 1998,
                                    "self": 0.3046695000005819,
                                    "children": {
                                        "TorchPolicy.evaluate": {
                                            "total": 6.339332100000444,
                                            "count": 1991,
                                            "self": 1.295575000000273,
                                            "children": {
                                                "TorchPolicy.sample_actions": {
                                                    "total": 5.043757100000171,
                                                    "count": 1991,
                                                    "self": 5.043757100000171
                                                }
                                            }
                                        }
                                    }
                                },
                                "workers": {
                                    "total": 0.060410700000431916,
                                    "count": 1997,
                                    "self": 0.0,
                                    "children": {
                                        "worker_root": {
                                            "total": 138.0050713000004,
                                            "count": 1997,
                                            "is_parallel": true,
                                            "self": 12.859314200000497,
                                            "children": {
                                                "steps_from_proto": {
                                                    "total": 0.0009353000000000833,
                                                    "count": 1,
                                                    "is_parallel": true,
                                                    "self": 0.00031309999999784566,
                                                    "children": {
                                                        "_process_rank_one_or_two_observation": {
                                                            "total": 0.0006222000000022376,
                                                            "count": 2,
                                                            "is_parallel": true,
                                                            "self": 0.0006222000000022376
                                                        }
                                                    }
                                                },
                                                "UnityEnvironment.step": {
                                                    "total": 125.1448217999999,
                                                    "count": 1997,
                                                    "is_parallel": true,
                                                    "self": 0.5153142999993037,
                                                    "children": {
                                                        "UnityEnvironment._generate_step_input": {
                                                            "total": 0.5382586000002565,
                                                            "count": 1997,
                                                            "is_parallel": true,
                                                            "self": 0.5382586000002565
                                                        },
                                                        "communicator.exchange": {
                                                            "total": 122.50749499999996,
                                                            "count": 1997,
                                                            "is_parallel": true,
                                                            "self": 122.50749499999996
                                                        },
                                                        "steps_from_proto": {
                                                            "total": 1.5837539000003797,
                                                            "count": 1997,
                                                            "is_parallel": true,
                                                            "self": 0.9569001000008797,
                                                            "children": {
                                                                "_process_rank_one_or_two_observation": {
                                                                    "total": 0.6268537999995001,
                                                                    "count": 3994,
                                                                    "is_parallel": true,
                                                                    "self": 0.6268537999995001
                                                                }
                                                            }
                                                        }
                                                    }
                                                }
                                            }
                                        }
                                    }
                                }
                            }
                        },
                        "trainer_advance": {
                            "total": 1.3096470999996335,
                            "count": 1997,
                            "self": 0.12095259999963126,
                            "children": {
                                "process_trajectory": {
                                    "total": 1.1886945000000022,
                                    "count": 1997,
                                    "self": 1.1886945000000022
                                }
                            }
                        }
                    }
                },