{"count":1,"self":4352.5644287999994,"total":18265.588039399998,"children":{"InitializeActuators":{"count":2384,"self":0.050565099999999995,"total":0.050565099999999995,"children":null},"InitializeSensors":{"count":2384,"self":0.048997099999999995,"total":0.048997099999999995,"children":null},"AgentSendState":{"count":231467,"self":6.0333863999999995,"total":169.9850587,"children":{"CollectObservations":{"count":364904,"self":143.1375744,"total":143.13757669999998,"children":null},"WriteActionMask":{"count":364904,"self":0.95900679999999994,"total":0.95900679999999994,"children":null},"RequestDecision":{"count":364904,"self":5.1558848,"total":19.8550886,"children":{"AgentInfo.ToProto":{"count":182452,"self":2.0587291999999997,"total":14.6992037,"children":{"GenerateSensorData":{"count":182452,"self":12.640474399999999,"total":12.6404745,"children":null}}}}}}},"DecideAction":{"count":231467,"self":13718.7909632,"total":13718.791352,"children":null},"AgentAct":{"count":231467,"self":24.039264,"total":24.0392637,"children":null},"AgentInfo.ToProto":{"count":1188,"self":0.0190133,"total":0.107516,"children":{"GenerateSensorData":{"count":1188,"self":0.08850269999999999,"total":0.08850269999999999,"children":null}}}},"gauges":{},"metadata":{"timer_format_version":"0.1.0","start_time_seconds":"1665131757","unity_version":"2021.3.1f1","command_line_arguments":"C:\\Users\\Kacper\\Documents\\GitHub\\deepctf\\KacperBuild-05-10\\CTF.exe -nographics -batchmode --mlagents-port 5006 -logFile C:\\Users\\Kacper\\Documents\\GitHub\\deepctf\\results\\TheBigOne-06-10-no-closeness-reward\\run_logs\\Player-1.log","communication_protocol_version":"1.5.0","com.unity.ml-agents_version":"2.2.1-exp.1","scene_name":"SceneMain","end_time_seconds":"1665150021"}}