{"count":1,"self":11734.8794368,"total":48073.783776799995,"children":{"InitializeActuators":{"count":7688,"self":0.1931726,"total":0.1931726,"children":null},"InitializeSensors":{"count":7688,"self":0.1491296,"total":0.1491296,"children":null},"AgentSendState":{"count":906301,"self":26.1912736,"total":467.94353409999997,"children":{"CollectObservations":{"count":1428928,"self":366.2313984,"total":366.23138589999996,"children":null},"WriteActionMask":{"count":1428928,"self":4.4096736,"total":4.4096734,"children":null},"RequestDecision":{"count":1428928,"self":19.881368,"total":71.1112017,"children":{"AgentInfo.ToProto":{"count":714464,"self":8.6114248,"total":51.229833799999994,"children":{"GenerateSensorData":{"count":714464,"self":42.6184096,"total":42.618409299999996,"children":null}}}}}}},"DecideAction":{"count":906301,"self":35762.126848,"total":35762.1283091,"children":null},"AgentAct":{"count":906301,"self":108.1969024,"total":108.1968991,"children":null},"AgentInfo.ToProto":{"count":3840,"self":0.046872,"total":0.2900077,"children":{"GenerateSensorData":{"count":3840,"self":0.24313569999999998,"total":0.24313569999999998,"children":null}}}},"gauges":{},"metadata":{"timer_format_version":"0.1.0","start_time_seconds":"1663631087","unity_version":"2021.3.1f1","command_line_arguments":"C:\\Users\\krzys\\deepCTF\\BuildV2_rewardsDistance_1000steps\\CTF.exe -nographics -batchmode --mlagents-port 5005 -logFile C:\\Users\\krzys\\deepCTF\\results\\memory_m128_s128_17-09\\run_logs\\Player-0.log","communication_protocol_version":"1.5.0","com.unity.ml-agents_version":"2.2.1-exp.1","scene_name":"SceneMain","end_time_seconds":"1663679160"}}